d_vendor_name,d_fiscal_year,total,total_constant_2019_dollars
10647802 CANADA,2020-2021,608583.84,579175.42
10647802 CANADA,2021-2022,691569.76,642970.15
10647802 CANADA,2022-2023,528049.26,472500.69
2347758 NOVA SCOTIA,2018-2019,81404.18,82285.21
2347758 NOVA SCOTIA,2019-2020,270853.91,268693.31
2347758 NOVA SCOTIA,2020-2021,270113.87,257235.03
2347758 NOVA SCOTIA,2021-2022,13061.46,11807.35
2347758 NOVA SCOTIA,2022-2023,1589926.12,1422075.06
2536 4589 QUEBEC,2017-2018,2067482.22,2131390.33
2536 4589 QUEBEC,2018-2019,2067482.22,2107101.68
2536 4589 QUEBEC,2019-2020,2073146.56,2056609.11
2536 4589 QUEBEC,2020-2021,1495384.40,1428789.97
2536 4589 QUEBEC,2022-2023,1336404.98,1183248.82
3D DATACOMM,2018-2019,10717.06,10827.45
4 OFFICE AUTOMATION,2017-2018,29222.53,30125.83
4 OFFICE AUTOMATION,2018-2019,25886.58,26384.90
4 OFFICE AUTOMATION,2019-2020,21391.13,21261.11
4 OFFICE AUTOMATION,2020-2021,12929.74,12318.33
4 OFFICE AUTOMATION,2021-2022,9722.39,9039.15
4 OFFICE AUTOMATION,2022-2023,7202.93,6463.69
49 SOLUTIONS,2021-2022,1637993.57,1505026.74
49 SOLUTIONS,2022-2023,550684.93,496781.15
6771581 CANADA,2020-2021,279300.00,266627.74
6771581 CANADA,2021-2022,383250.00,356317.36
6771581 CANADA,2022-2023,383250.00,342933.71
ACCENTURE,2019-2020,24860.00,24666.72
ACCENTURE,2020-2021,7458.00,7027.49
ACCENTURE,2021-2022,3133064.18,2890989.12
ACCENTURE,2022-2023,2893884.82,2589738.34
ACCESS 2 NETWORKS,2020-2021,405896.00,382465.96
ACKLANDS GRAINGER,2017-2018,25029.60,25807.95
ACKLANDS GRAINGER,2018-2019,24862.62,25128.96
ACKLANDS GRAINGER,2019-2020,120849.94,118143.19
ACKLANDS GRAINGER,2020-2021,112687.96,106194.66
ACKLANDS GRAINGER,2021-2022,45373.37,42677.58
ACME FUTURE SECURITY CONTROLS,2017-2018,89092.83,91746.72
ACME FUTURE SECURITY CONTROLS,2018-2019,143229.60,145178.24
ACME FUTURE SECURITY CONTROLS,2019-2020,51401.01,50665.98
ACME FUTURE SECURITY CONTROLS,2020-2021,138815.50,132314.17
ACT,2020-2021,364740.76,345548.19
ACT,2021-2022,1321982.26,1218342.99
ACT,2022-2023,204263.31,182204.17
ACTION PERSONNEL OF OTTAWA HULL,2017-2018,101858.28,105136.03
ADGA GROUP,2018-2019,330433.34,335782.80
ADGA GROUP,2019-2020,474269.02,470485.79
ADGA GROUP,2020-2021,2407074.18,2293879.38
ADGA GROUP,2021-2022,3404548.63,3166704.01
ADGA GROUP,2022-2023,3177333.91,2843523.41
ADRM TECHNOLOGY CONSULTING,2017-2018,345025.47,355743.36
ADRM TECHNOLOGY CONSULTING,2018-2019,112425.80,115283.39
ADRM TECHNOLOGY CONSULTING,2020-2021,603992.56,569127.54
ADRM TECHNOLOGY CONSULTING,2021-2022,4486929.70,4164936.94
ADRM TECHNOLOGY CONSULTING,2022-2023,3708957.34,3321639.55
ADVANCED BUSINESS INTERIORS,2017-2018,231624.78,238847.60
ADVANCED BUSINESS INTERIORS,2022-2023,28237.41,25182.84
ADVANCED CHIPPEWA TECHNOLOGIES,2017-2018,2811096.60,2898891.22
ADVANCED CHIPPEWA TECHNOLOGIES,2018-2019,1916509.00,1953237.35
ADVANCED CHIPPEWA TECHNOLOGIES,2019-2020,1935125.13,1919330.02
ADVANCED CHIPPEWA TECHNOLOGIES,2020-2021,1803245.30,1718685.27
ADVANCED CHIPPEWA TECHNOLOGIES,2021-2022,1828964.35,1695532.27
ADVANCED CHIPPEWA TECHNOLOGIES,2022-2023,1780478.19,1593562.79
AEROPORT DE QUEBEC,2022-2023,19402.03,17525.16
AGILENT,2017-2018,133307.59,137219.22
AGILENT,2018-2019,312383.73,316728.93
AGILENT,2019-2020,622903.85,618744.17
AGILENT,2020-2021,727428.05,691189.22
AGILENT,2021-2022,738104.63,686513.82
AGILENT,2022-2023,235638.33,211600.35
ALGONQUIN COLLEGE,2022-2023,64014.50,57110.71
ALIVAKTUK CONSULTING,2017-2018,880095.85,907300.56
ALIVAKTUK CONSULTING,2018-2019,969767.00,987747.19
ALIVAKTUK CONSULTING,2019-2020,792977.83,789345.12
ALIVAKTUK CONSULTING,2020-2021,471140.59,448676.93
ALIVAKTUK CONSULTING,2021-2022,471140.59,438031.50
ALLSEATING,2017-2018,11707.93,12042.29
ALLSEATING,2018-2019,11509.73,11617.25
ALLSEATING,2020-2021,45159.68,42552.87
ALTIS HUMAN RESOURCES,2017-2018,1017789.37,1049343.05
ALTIS HUMAN RESOURCES,2018-2019,1567356.63,1595066.46
ALTIS HUMAN RESOURCES,2019-2020,1781975.63,1768516.28
ALTIS HUMAN RESOURCES,2020-2021,1003764.04,954178.38
ALTIS HUMAN RESOURCES,2021-2022,893444.57,831027.10
ALTIS HUMAN RESOURCES,2022-2023,351150.02,315463.58
AMAZON,2019-2020,462827.15,452263.05
AMAZON,2020-2021,1913173.31,1821633.28
AMAZON,2021-2022,1868598.89,1741342.92
AMAZON,2022-2023,169870.66,152000.98
ANIXTER,2018-2019,10339.50,10436.09
AON REED STENHOUSE,2017-2018,5807.17,5997.54
APPLIED ELECTONICS,2017-2018,24930.47,25642.45
APPLIED ELECTONICS,2018-2019,12749.41,12868.51
APPLIED ELECTONICS,2019-2020,31086.04,30376.50
APPLIED ELECTONICS,2021-2022,273253.99,247417.20
AQUATIC INFORMATICS,2018-2019,11140.05,11244.11
AQUATIC INFORMATICS,2019-2020,49123.58,48731.72
AQUATIC INFORMATICS,2020-2021,48989.36,46653.58
AQUATIC INFORMATICS,2021-2022,48989.36,45546.66
AQUATIC INFORMATICS,2022-2023,36909.79,33146.13
ARI FINANCIAL SERVICES,2017-2018,11300.00,11625.00
ARI FINANCIAL SERVICES,2019-2020,96834.42,95847.55
ARI FINANCIAL SERVICES,2020-2021,19366.88,18294.53
ARTEMP PERSONNEL SERVICES,2017-2018,17555.28,18123.20
ATCO,2019-2020,22137.16,22018.73
ATCO,2022-2023,17890.11,15906.04
ATLANTIC BUSINESS INTERIORS,2017-2018,15335.30,15773.25
ATLANTIC BUSINESS INTERIORS,2019-2020,385.83,377.02
ATLANTIC BUSINESS INTERIORS,2020-2021,15647.43,14901.37
AVI SPL,2017-2018,131684.35,135730.99
AVI SPL,2018-2019,329048.42,332837.09
AVI SPL,2019-2020,250842.04,248108.36
AVI SPL,2020-2021,76722.42,72293.68
AVI SPL,2021-2022,31188.23,28193.66
AVI SPL,2022-2023,71570.27,63731.94
BABEL STREET,2017-2018,75003.82,77145.81
BABEL STREET,2018-2019,883109.44,900032.59
BABEL STREET,2019-2020,885528.92,878465.08
BABEL STREET,2020-2021,883109.44,841003.39
BABEL STREET,2021-2022,883109.44,821049.51
BABEL STREET,2022-2023,808105.63,723835.75
BARGREEN ELLINGSON,2018-2019,40320.43,40716.96
BARGREEN ELLINGSON,2021-2022,30571.94,27929.02
BDO CANADA,2017-2018,945348.65,974442.79
BDO CANADA,2018-2019,891108.65,908185.09
BDO CANADA,2019-2020,592529.74,590150.61
BDO CANADA,2020-2021,2731363.91,2599901.92
BDO CANADA,2021-2022,5963524.11,5533244.65
BDO CANADA,2022-2023,5793203.79,5183418.83
BEE CLEAN BUILDING MAINTENANCE,2020-2021,48061.16,45817.70
BEE CLEAN BUILDING MAINTENANCE,2021-2022,102689.69,95410.07
BEE CLEAN BUILDING MAINTENANCE,2022-2023,66752.14,59730.10
BELL CANADA,2017-2018,431856.50,445212.92
BELL CANADA,2018-2019,1267946.94,1283745.15
BELL CANADA,2019-2020,2794053.75,2766566.70
BELL CANADA,2020-2021,871807.02,828117.62
BELL CANADA,2021-2022,1472251.86,1368790.33
BELL CANADA,2022-2023,1603590.04,1434161.00
BERLITZ CANADA,2017-2018,20448.41,21049.06
BERLITZ CANADA,2018-2019,9542.59,9797.35
BERLITZ CANADA,2019-2020,57491.55,56433.98
BERLITZ CANADA,2020-2021,29155.50,27874.63
BEVA GLOBAL MANAGEMENT,2022-2023,20880.43,18670.91
BIO NUCLEAR DIAGNOSTICS,2019-2020,33366.41,32604.82
BIOKINETICS AND ASSOCIATES,2021-2022,4278.70,3867.88
BIOKINETICS AND ASSOCIATES,2022-2023,15586.70,14056.29
BLACK MCDONALD,2021-2022,79361.84,73784.74
BLACK MCDONALD,2022-2023,79361.84,71013.31
BRS INNOVATIONS,2017-2018,100905.20,104024.29
BRS INNOVATIONS,2018-2019,90317.52,92048.29
BRS INNOVATIONS,2019-2020,634127.24,623110.94
BRS INNOVATIONS,2020-2021,1559948.85,1485571.56
BRS INNOVATIONS,2021-2022,1559948.85,1450324.48
BRS INNOVATIONS,2022-2023,1559948.85,1395848.77
BRUKER,2019-2020,13929.41,13611.46
BRUKER,2020-2021,182723.53,172847.94
BRUKER,2021-2022,101272.11,93775.22
BRUKER,2022-2023,113165.87,101333.82
CACHE COMPUTER CONSULTING,2018-2019,362186.96,365904.73
CACHE COMPUTER CONSULTING,2019-2020,2766977.40,2738098.61
CACHE COMPUTER CONSULTING,2020-2021,2865389.47,2725980.57
CACHE COMPUTER CONSULTING,2021-2022,3954509.95,3678193.06
CACHE COMPUTER CONSULTING,2022-2023,969403.59,869509.55
CALIAN,2017-2018,2292533.47,2362973.14
CALIAN,2018-2019,4465323.75,4543517.66
CALIAN,2019-2020,5789066.39,5741104.60
CALIAN,2020-2021,7178295.05,6835825.49
CALIAN,2021-2022,6180146.76,5756615.71
CALIAN,2022-2023,5300230.24,4742420.48
CALYTERA SOFTWARE,2021-2022,104887.55,96915.07
CALYTERA SOFTWARE,2022-2023,139722.47,125024.25
CANADIAN CORPS OF COMMISSIONAIRES,2017-2018,4595660.30,4737647.21
CANADIAN CORPS OF COMMISSIONAIRES,2018-2019,12589322.17,12831821.29
CANADIAN CORPS OF COMMISSIONAIRES,2019-2020,13524536.23,13413940.44
CANADIAN CORPS OF COMMISSIONAIRES,2020-2021,11861982.91,11296606.18
CANADIAN CORPS OF COMMISSIONAIRES,2021-2022,9392555.69,8741325.45
CANADIAN CORPS OF COMMISSIONAIRES,2022-2023,16238823.72,14501889.36
CANADIAN MARITIME ENGINEERING,2019-2020,4151070.39,4124568.19
CANADIAN RED CROSS,2017-2018,2438821.86,2515482.59
CANADIAN RED CROSS,2018-2019,3243548.22,3305704.79
CANADIAN RED CROSS,2019-2020,3252434.65,3226490.05
CANADIAN RED CROSS,2020-2021,1152522.93,1093627.00
CANADIAN RED CROSS,2021-2022,674540.15,627137.29
CANADIAN RED CROSS,2022-2023,674540.15,603581.35
CANON,2017-2018,106760.80,110049.89
CANON,2018-2019,135676.80,138253.96
CANON,2019-2020,140408.57,139322.62
CANON,2020-2021,100953.80,96141.33
CANON,2021-2022,87054.73,80959.30
CANON,2022-2023,68856.67,61731.33
CARAHSOFT TECHNOLOGY,2017-2018,127991.89,131948.26
CARAHSOFT TECHNOLOGY,2018-2019,134919.09,137456.98
CARAHSOFT TECHNOLOGY,2019-2020,243857.63,240936.14
CARAHSOFT TECHNOLOGY,2020-2021,156508.67,148818.63
CARAHSOFT TECHNOLOGY,2021-2022,442015.30,407502.05
CARAHSOFT TECHNOLOGY,2022-2023,665005.70,594322.28
CARL ZEISS CANADA,2018-2019,1044.81,1054.57
CARL ZEISS CANADA,2019-2020,21244.53,21075.06
CARL ZEISS CANADA,2020-2021,21186.48,20176.33
CARL ZEISS CANADA,2021-2022,17761.82,16601.77
CARON PROFESSIONAL LINGUISTIC,2019-2020,31175.20,30648.52
CARON PROFESSIONAL LINGUISTIC,2020-2021,18025.71,17136.29
CARON PROFESSIONAL LINGUISTIC,2021-2022,132308.00,124113.15
CARON PROFESSIONAL LINGUISTIC,2022-2023,43731.00,39395.41
CARSWELL,2017-2018,36297.59,37344.42
CBCI TELECOM,2018-2019,16971.37,17424.45
CBCI TELECOM,2019-2020,24403.40,23846.39
CBCI TELECOM,2020-2021,13301.30,12533.49
CBCI TELECOM,2021-2022,79917.88,73810.03
CBCI TELECOM,2022-2023,10227.36,9138.70
CDW CANADA,2017-2018,723682.30,744478.79
CDW CANADA,2018-2019,67668.51,68965.25
CDW CANADA,2019-2020,1869360.62,1829321.34
CDW CANADA,2020-2021,674390.17,644264.82
CDW CANADA,2021-2022,2073331.93,1903325.02
CDW CANADA,2022-2023,369974.94,330626.82
CGI,2017-2018,4888068.78,5038602.79
CGI,2018-2019,4705252.88,4797114.41
CGI,2019-2020,4650601.12,4614625.23
CGI,2020-2021,2377131.35,2267812.73
CGI,2021-2022,653257.96,608608.77
CGI,2022-2023,2938.00,2653.79
CHANNEL MANAGEMENT INTERNATIONAL,2019-2020,1616.88,1579.97
CHANNEL MANAGEMENT INTERNATIONAL,2020-2021,36885.05,35126.40
CHANNEL MANAGEMENT INTERNATIONAL,2021-2022,30094.70,27780.77
CHANNEL MANAGEMENT INTERNATIONAL,2022-2023,42411.44,37949.94
CHRONO AVIATION,2018-2019,176256.68,178153.52
CHRONO AVIATION,2021-2022,17244.25,16195.03
CHUBB EDWARDS,2017-2018,13551.11,13969.99
CHUBB EDWARDS,2018-2019,12126.82,12240.11
CHUBB EDWARDS,2019-2020,5197.21,5213.29
CISION CANADA,2020-2021,16950.00,16141.84
CISION CANADA,2021-2022,3318.26,3085.07
CISION CANADA,2022-2023,25918.26,23191.77
CISTEL TECHNOLOGY,2017-2018,45451.31,46856.26
CISTEL TECHNOLOGY,2018-2019,11331.70,11634.22
CITRIX,2019-2020,10465.30,10226.43
CLOSEREACH,2017-2018,93169.17,96048.94
CLOSEREACH,2018-2019,108157.15,110223.40
CLOSEREACH,2019-2020,182985.08,181552.09
CLOSEREACH,2020-2021,168457.12,160443.93
CLOSEREACH,2021-2022,100624.32,93821.68
CLOSEREACH,2022-2023,85066.78,76118.11
COENTREPRISE CITE CARON,2017-2018,9289.29,9554.58
COENTREPRISE CITE CARON,2018-2019,12220.48,12527.67
COENTREPRISE CITE CARON,2019-2020,12082.39,12038.30
COENTREPRISE CITE CARON,2020-2021,138989.08,132366.17
COENTREPRISE CITE CARON,2021-2022,339892.08,315624.62
COENTREPRISE CITE CARON,2022-2023,362196.41,323851.29
COFOMO,2017-2018,12119036.32,12493098.92
COFOMO,2018-2019,17519821.96,17844366.86
COFOMO,2019-2020,19046274.60,18914934.80
COFOMO,2020-2021,14028525.68,13359879.91
COFOMO,2021-2022,12423830.85,11550232.44
COFOMO,2022-2023,5641862.34,5078035.12
COMNET NETWORKS AND SECURITY,2021-2022,528824.40,478048.83
COMPUGEN,2018-2019,103672.24,105065.84
COMPUGEN,2021-2022,161812.05,150278.73
COMPUGEN,2022-2023,45189.26,40776.72
CONCEPT CONTROLS,2017-2018,10085.04,10373.05
CONCEPT CONTROLS,2021-2022,55483.12,50155.86
CONTRACT COMMUNITY,2017-2018,206198.30,212744.75
CONTRACT COMMUNITY,2018-2019,46460.41,47686.07
CONVERGINT TECHNOLOGIES,2020-2021,32304.14,30439.41
CONVERGINT TECHNOLOGIES,2021-2022,306099.09,278610.20
CONVERGINT TECHNOLOGIES,2022-2023,4086030.88,3637092.35
CORADIX TECHNOLOGY CONSULTING,2017-2018,230960.73,238099.98
CORADIX TECHNOLOGY CONSULTING,2018-2019,230960.73,235386.67
CORADIX TECHNOLOGY CONSULTING,2019-2020,231593.50,229746.09
CORADIX TECHNOLOGY CONSULTING,2020-2021,230960.73,219948.68
CORADIX TECHNOLOGY CONSULTING,2021-2022,863596.11,791276.97
CORADIX TECHNOLOGY CONSULTING,2022-2023,2043270.64,1828425.20
CORBEL MANAGEMENT,2017-2018,7321736.60,7542318.60
CORBEL MANAGEMENT,2018-2019,11113325.28,11335460.37
CORBEL MANAGEMENT,2019-2020,9923392.38,9844233.69
CORBEL MANAGEMENT,2020-2021,13288501.96,12653693.23
CORBEL MANAGEMENT,2021-2022,15104635.71,14030902.99
CORBEL MANAGEMENT,2022-2023,11517729.87,10316911.16
COSSETTE COMMUNICATIONS,2017-2018,417014.83,428935.99
CSDC SYSTEMS,2017-2018,148270.16,152853.35
CSDC SYSTEMS,2018-2019,148270.16,151111.48
CSDC SYSTEMS,2019-2020,148676.38,147490.39
CSDC SYSTEMS,2020-2021,148270.16,141200.74
CSDC SYSTEMS,2021-2022,36965.99,35006.60
CSI CONSULTING,2017-2018,136172.89,140204.76
CSI CONSULTING,2018-2019,134180.11,137419.78
CTOMS,2017-2018,3203.34,3294.82
CTOMS,2018-2019,19486.96,19860.39
D4IS SOLUTIONS,2017-2018,1518700.65,1565589.36
D4IS SOLUTIONS,2018-2019,2164326.48,2205059.79
D4IS SOLUTIONS,2019-2020,1473777.81,1462021.52
D4IS SOLUTIONS,2020-2021,851522.91,810659.40
D4IS SOLUTIONS,2021-2022,664624.38,617918.34
D4IS SOLUTIONS,2022-2023,584505.28,523807.65
DALIAN ENTERPRISES,2019-2020,1560127.33,1532552.32
DALIAN ENTERPRISES,2020-2021,3949299.80,3761403.43
DALIAN ENTERPRISES,2021-2022,6198822.00,5742598.09
DALIAN ENTERPRISES,2022-2023,4472246.81,4012253.28
DANA HOSPITALITY PARTNERSHIP,2020-2021,468210.34,442036.20
DANA HOSPITALITY PARTNERSHIP,2021-2022,1692047.27,1573139.77
DANA HOSPITALITY PARTNERSHIP,2022-2023,1223836.93,1099391.37
DASCO STORAGE SOLUTIONS,2017-2018,24969.21,25740.52
DASCO STORAGE SOLUTIONS,2018-2019,25427.66,25953.48
DASCO STORAGE SOLUTIONS,2019-2020,21690.35,21661.71
DASCO STORAGE SOLUTIONS,2021-2022,52271.67,47391.46
DASCO STORAGE SOLUTIONS,2022-2023,51472.86,46142.32
DATA COMMUNICATIONS MANAGEMENT,2017-2018,12430.00,12819.85
DATA COMMUNICATIONS MANAGEMENT,2018-2019,14395.50,14779.81
DAVTAIR INDUSTRIES,2020-2021,34090.09,32727.25
DELCO AUTOMATION,2018-2019,336956.02,340103.74
DELCO AUTOMATION,2019-2020,198920.54,194903.83
DELCO AUTOMATION,2020-2021,1961654.64,1861239.97
DELCO AUTOMATION,2021-2022,1476215.88,1372100.94
DELCO AUTOMATION,2022-2023,3278232.90,2935698.44
DELCO SECURITY,2017-2018,270568.00,278295.01
DELCO SECURITY,2019-2020,373798.34,367329.23
DELCO SECURITY,2020-2021,1001560.82,951413.80
DELCO SECURITY,2021-2022,283286.88,260074.70
DELCO SECURITY,2022-2023,1628278.33,1457730.21
DELL COMPUTER,2017-2018,5193.96,5342.30
DELL COMPUTER,2018-2019,52022.18,52612.16
DELL COMPUTER,2019-2020,37090.96,36275.65
DELL COMPUTER,2021-2022,393819.75,356714.40
DELOITTE,2017-2018,8342354.90,8584396.66
DELOITTE,2018-2019,49150446.14,50088343.25
DELOITTE,2019-2020,84291126.12,83354117.04
DELOITTE,2020-2021,114726998.81,109257601.43
DELOITTE,2021-2022,77765451.18,72599710.04
DELOITTE,2022-2023,52081518.10,46605610.85
DLS TECHNOLOGY,2020-2021,5877.95,5586.40
DLS TECHNOLOGY,2021-2022,21156.00,19590.74
DLS TECHNOLOGY,2022-2023,8272.59,7345.93
DONNA CONA,2017-2018,6382661.15,6580408.25
DONNA CONA,2018-2019,6408142.11,6528803.36
DONNA CONA,2019-2020,7894710.35,7838368.73
DONNA CONA,2020-2021,4110493.36,3910604.53
DONNA CONA,2021-2022,7654524.07,7107621.91
DONNA CONA,2022-2023,5801909.88,5198613.42
DWP SOLUTIONS,2017-2018,879656.88,906848.02
DWP SOLUTIONS,2018-2019,490902.05,501904.85
DWP SOLUTIONS,2019-2020,210201.28,208524.51
DWP SOLUTIONS,2020-2021,209626.96,199632.09
DWP SOLUTIONS,2021-2022,70067.09,66213.62
DYNABOOK CANADA,2019-2020,2632092.17,2597366.00
DYNABOOK CANADA,2020-2021,1784412.68,1699197.89
DYNABOOK CANADA,2021-2022,2022826.93,1879946.95
DYNAMIC PERSONNEL CONSULTANTS,2017-2018,30292.44,31258.93
DYNAMIC PERSONNEL CONSULTANTS,2019-2020,39154.50,38498.87
EAGLE PROFESSIONAL RESOURCES,2017-2018,327331.83,337975.33
EAGLE PROFESSIONAL RESOURCES,2020-2021,4643.00,4374.98
EAGLE PROFESSIONAL RESOURCES,2021-2022,20326.00,19147.34
ECLIPSYS SOLUTIONS,2017-2018,5181698.80,5334516.60
ECLIPSYS SOLUTIONS,2019-2020,292300.51,289538.00
ECLIPSYS SOLUTIONS,2020-2021,361036.86,343514.21
ECLIPSYS SOLUTIONS,2021-2022,650477.03,605836.85
ECLIPSYS SOLUTIONS,2022-2023,330308.62,295561.54
ECOLE DE LANGUES ABCE,2017-2018,166190.29,171238.47
ECOLE DE LANGUES ABCE,2018-2019,168753.92,171456.63
ECOLE DE LANGUES ABCE,2019-2020,98310.25,97522.04
ECOLE DE LANGUES ABCE,2020-2021,14341.65,13519.64
ECOLE DE LANGUES ABCE,2021-2022,61924.47,57390.00
ECOLE DE LANGUES ABCE,2022-2023,27652.26,24952.14
ECOLE DE LANGUES EAGLE,2017-2018,29023.97,29860.44
ECOLE DE LANGUES EAGLE,2018-2019,55726.03,57012.76
ECOLE DE LANGUES EAGLE,2020-2021,18235.49,17320.49
ECOLE DE LANGUES EAGLE,2021-2022,31751.71,29438.85
ECOLE DE LANGUES EAGLE,2022-2023,34069.50,30373.00
ECOLE DE LANGUES LA CITE,2017-2018,29096.98,29990.92
ECOLE DE LANGUES LA CITE,2018-2019,62480.95,63515.26
ECOLE DE LANGUES LA CITE,2019-2020,83636.43,83002.56
ECOLE DE LANGUES LA CITE,2020-2021,13230.00,12687.60
ECOLE DE LANGUES LA CITE,2021-2022,23220.34,21339.12
ECOLE DE LANGUES LA CITE,2022-2023,15448.23,13767.49
EKOS RESEARCH ASSOCIATES,2017-2018,105308.75,108358.51
EKOS RESEARCH ASSOCIATES,2018-2019,101976.19,104545.61
EMCON SERVICES,2017-2018,37279.54,38491.37
EMERGENT BIOSOLUTIONS,2020-2021,81638.13,77099.02
EMERGENT BIOSOLUTIONS,2022-2023,63982.18,57111.26
EMPOWERED NETWORKS,2017-2018,174.20,179.18
EMPOWERED NETWORKS,2018-2019,22141.76,22556.77
EMPOWERED NETWORKS,2019-2020,20521.72,20358.02
EMPOWERED NETWORKS,2020-2021,20465.65,19489.86
EMPOWERED NETWORKS,2021-2022,20465.65,19027.44
ENSEIGNES PATTISON SIGN GROUP,2021-2022,194647.08,178279.72
ENTRUST,2017-2018,116043.01,119630.02
ERNST YOUNG,2017-2018,931026.86,959366.04
ERNST YOUNG,2018-2019,510934.97,523716.43
ERNST YOUNG,2019-2020,101836.58,101024.23
ERNST YOUNG,2020-2021,207413.25,196909.58
ERNST YOUNG,2021-2022,1039084.94,963235.70
ERNST YOUNG,2022-2023,925818.90,828542.19
ESRI,2017-2018,19243.90,19847.61
ESRI,2018-2019,20842.69,21235.17
ESRI,2019-2020,55880.52,54861.06
ESRI,2020-2021,1322.01,1245.70
ESRI,2021-2022,21419.07,19927.10
ESRI,2022-2023,16744.90,14953.28
ET FUSION,2021-2022,716753.68,653590.96
ET FUSION,2022-2023,1967030.78,1760107.39
EVRIPOS JANITORIAL SERVICES,2021-2022,3864.04,3493.03
EVRIPOS JANITORIAL SERVICES,2022-2023,352593.36,315502.02
EXCEL HUMAN RESOURCES,2017-2018,469020.44,483132.63
EXCEL HUMAN RESOURCES,2018-2019,806870.44,821929.10
EXCEL HUMAN RESOURCES,2019-2020,776146.64,771634.98
EXCEL HUMAN RESOURCES,2020-2021,265162.75,252500.78
EXCEL HUMAN RESOURCES,2021-2022,1631630.62,1502059.96
EXCEL HUMAN RESOURCES,2022-2023,752204.80,677616.00
FAST FORWARD FRENCH,2019-2020,24990.00,24691.37
FAST FORWARD FRENCH,2022-2023,22272.30,20013.25
FAST TRACK STAFFING,2019-2020,11017.50,10828.71
FCA CANADA,2019-2020,462850.96,454433.12
FCA CANADA,2020-2021,454561.71,432520.90
FCA CANADA,2022-2023,104648.57,92717.39
FORD MOTOR COMPANY,2017-2018,36602.96,37740.52
FORD MOTOR COMPANY,2018-2019,1459866.40,1482566.38
FORD MOTOR COMPANY,2019-2020,2436039.39,2393315.08
FORD MOTOR COMPANY,2020-2021,2312845.88,2201822.44
FORD MOTOR COMPANY,2021-2022,1569010.09,1449009.96
FORD MOTOR COMPANY,2022-2023,2939581.46,2616578.79
FREEBALANCE,2017-2018,105090.00,108338.45
FREEBALANCE,2018-2019,105090.00,106902.52
FREEBALANCE,2019-2020,107401.98,106545.24
FUJITSU,2017-2018,206235.40,212610.36
FUJITSU,2018-2019,206235.40,210187.52
FUJITSU,2019-2020,206800.43,205150.79
FUJITSU,2020-2021,206235.40,196402.24
FUJITSU,2021-2022,154504.86,143934.47
FUJITSU,2022-2023,135251.35,121037.74
G4S SECURITY SERVICES,2017-2018,8455498.56,8716867.13
G4S SECURITY SERVICES,2018-2019,9099060.15,9267106.00
G4S SECURITY SERVICES,2019-2020,7598178.86,7537568.35
G4S SECURITY SERVICES,2020-2021,7577418.81,7216132.65
G4S SECURITY SERVICES,2021-2022,7577418.81,7044920.71
G4S SECURITY SERVICES,2022-2023,1889164.69,1706415.08
GARDA SECURITY GROUP,2017-2018,13595293.99,14014608.21
GARDA SECURITY GROUP,2018-2019,9922705.51,10112615.17
GARDA SECURITY GROUP,2019-2020,12449404.49,12356842.50
GARDA SECURITY GROUP,2020-2021,11866351.58,11300685.68
GARDA SECURITY GROUP,2021-2022,10695676.26,9952323.99
GARDA SECURITY GROUP,2022-2023,35917695.57,32067725.50
GARTNER,2017-2018,1782513.01,1835868.85
GARTNER,2018-2019,2899183.69,2953957.94
GARTNER,2019-2020,3795866.27,3747288.69
GARTNER,2020-2021,3081499.49,2939527.18
GARTNER,2021-2022,3705044.87,3446356.34
GARTNER,2022-2023,3927893.72,3513790.80
GC STRATEGIES,2020-2021,12012371.54,11445813.00
GC STRATEGIES,2021-2022,23227779.04,21592552.11
GC STRATEGIES,2022-2023,2936997.54,2622640.24
GDI SERVICES,2017-2018,658003.09,678342.67
GDI SERVICES,2018-2019,658003.09,670612.50
GDI SERVICES,2019-2020,900781.83,893062.71
GDI SERVICES,2020-2021,848932.86,809938.74
GDI SERVICES,2021-2022,343841.75,319911.80
GDI SERVICES,2022-2023,361216.32,323305.36
GENERAL DYNAMICS,2017-2018,679233.21,698871.69
GENERAL DYNAMICS,2018-2019,6169.65,6287.88
GENERAL DYNAMICS,2019-2020,6186.55,6137.20
GENERAL DYNAMICS,2020-2021,5645.65,5381.74
GENERAL DYNAMICS,2021-2022,38.06,34.41
GENERAL DYNAMICS,2022-2023,13891.87,12430.50
GENERAL MOTORS,2018-2019,3119708.14,3165533.00
GENERAL MOTORS,2019-2020,2358400.41,2319569.92
GENERAL MOTORS,2020-2021,763263.61,725070.23
GENERAL MOTORS,2021-2022,2108642.73,1947940.68
GENERAL MOTORS,2022-2023,849714.82,757589.78
GENESIS INTEGRATION,2018-2019,35099.15,35563.88
GENESIS INTEGRATION,2020-2021,225186.41,214105.45
GFL ENVIRONMENTAL,2017-2018,1668.72,1716.38
GFL ENVIRONMENTAL,2018-2019,8230.85,8388.58
GFL ENVIRONMENTAL,2019-2020,10699.13,10577.47
GFL ENVIRONMENTAL,2020-2021,16000.38,15221.71
GFL ENVIRONMENTAL,2021-2022,13948.31,12968.10
GFL ENVIRONMENTAL,2022-2023,11693.65,10485.76
GLASSHOUSE SYSTEMS,2017-2018,52365.38,53978.72
GLASSHOUSE SYSTEMS,2018-2019,102497.95,103659.78
GLOBAL KNOWLEDGE,2017-2018,24088.53,24786.07
GLOBAL KNOWLEDGE,2018-2019,102254.51,104329.77
GLOBAL KNOWLEDGE,2019-2020,46299.09,45926.85
GLOBAL KNOWLEDGE,2020-2021,66181.96,63038.81
GLOBAL KNOWLEDGE,2021-2022,29799.23,27308.08
GLOBAL KNOWLEDGE,2022-2023,22035.00,19732.93
GLOBAL TOTAL OFFICE,2021-2022,15929.61,14515.56
GLOBAL TOTAL OFFICE,2022-2023,20408.52,18427.93
GLOBAL UPHOLSTERY,2017-2018,69305.24,71429.40
GLOBAL UPHOLSTERY,2018-2019,122129.66,124154.92
GLOBAL UPHOLSTERY,2019-2020,40293.38,39717.11
GLOBAL UPHOLSTERY,2020-2021,127331.29,120597.24
GLOBAL UPHOLSTERY,2021-2022,15993.30,14457.69
GLOBAL UPHOLSTERY,2022-2023,47118.77,41764.92
GOSS GILROY,2017-2018,140316.86,144654.21
GOSS GILROY,2018-2019,140316.86,143005.78
GOSS GILROY,2019-2020,140701.29,139578.92
GOSS GILROY,2020-2021,156585.97,148956.64
GOSS GILROY,2021-2022,141135.34,132206.82
GRAND TOY,2017-2018,47509.81,48868.59
GRAND TOY,2018-2019,74029.11,74857.34
GRAND TOY,2019-2020,56656.31,55470.70
GRAND TOY,2020-2021,123616.03,117906.98
GRAND TOY,2021-2022,33646.43,30617.08
GRAND TOY,2022-2023,16198.63,14606.69
GRANICUS CANADA HOLDINGS,2022-2023,82062.66,72920.50
GRAYBRIDGE INTERNATIONAL CONSULTING,2017-2018,14812.08,15258.57
GRAYBRIDGE INTERNATIONAL CONSULTING,2018-2019,83094.43,84233.80
GRAYBRIDGE INTERNATIONAL CONSULTING,2019-2020,50391.54,50033.00
GRAYBRIDGE INTERNATIONAL CONSULTING,2020-2021,233264.92,221854.33
GRAYBRIDGE INTERNATIONAL CONSULTING,2021-2022,438498.91,405278.15
GRAYBRIDGE INTERNATIONAL CONSULTING,2022-2023,522217.49,466936.15
GREATER TORONTO AIRPORT AUTHORITY,2017-2018,419273.02,432227.35
GREATER TORONTO AIRPORT AUTHORITY,2018-2019,432197.90,440480.17
GREATER TORONTO AIRPORT AUTHORITY,2019-2020,366260.84,364335.81
GREATER TORONTO AIRPORT AUTHORITY,2020-2021,321175.64,305025.27
GREEN LIGHT CONSULTING SOLUTIONS,2020-2021,37290.00,35345.38
HAWORTH,2017-2018,27037.96,27854.65
HAWORTH,2022-2023,39063.80,34600.18
HDP GROUP,2020-2021,41527.50,39551.93
HEWLETT PACKARD,2017-2018,23473.77,24151.77
HEWLETT PACKARD,2018-2019,224876.00,227586.50
HEWLETT PACKARD,2019-2020,154414.00,153364.41
HEWLETT PACKARD,2020-2021,82251.20,78126.97
HEWLETT PACKARD,2021-2022,150281.93,140534.43
HEWLETT PACKARD,2022-2023,17274.28,15457.09
HOMEWOOD HEALTH,2017-2018,562013.91,579386.36
HOMEWOOD HEALTH,2018-2019,562013.91,572783.86
HOMEWOOD HEALTH,2019-2020,563553.67,559058.22
HOMEWOOD HEALTH,2020-2021,562013.91,535217.47
HOMEWOOD HEALTH,2021-2022,46192.92,43744.47
HONEYWELL,2017-2018,16314.85,16803.46
HONEYWELL,2018-2019,23031.35,23544.73
HONEYWELL,2019-2020,13506.79,13399.05
HONEYWELL,2020-2021,18533.19,17652.65
HONEYWELL,2021-2022,18937.66,17606.83
HONEYWELL,2022-2023,14177.07,12723.63
HYPERTEC,2017-2018,46425.49,47751.33
HYPERTEC,2018-2019,73112.13,73795.12
HYPERTEC,2019-2020,101705.65,99529.55
HYPERTEC,2020-2021,148662.80,142568.00
HYPERTEC,2021-2022,477884.06,435468.25
I4C INFORMATION TECHNOLOGY,2017-2018,96477.57,99262.84
I4C INFORMATION TECHNOLOGY,2018-2019,260846.76,265845.40
I4C INFORMATION TECHNOLOGY,2019-2020,261561.41,259474.94
I4C INFORMATION TECHNOLOGY,2020-2021,174374.27,166558.27
IBI GROUP ARCHITECTS CANADA,2017-2018,2656768.76,2738892.35
IBI GROUP ARCHITECTS CANADA,2018-2019,2656768.76,2707680.80
IBI GROUP ARCHITECTS CANADA,2019-2020,2664047.58,2642796.53
IBI GROUP ARCHITECTS CANADA,2020-2021,2656768.76,2530095.84
IBISKA TELECOM,2017-2018,3473167.51,3581304.74
IBISKA TELECOM,2018-2019,2218846.29,2262644.14
IBISKA TELECOM,2019-2020,1726615.98,1713813.17
IBISKA TELECOM,2020-2021,1179888.59,1124870.67
IBISKA TELECOM,2021-2022,5320958.83,4909695.92
IBISKA TELECOM,2022-2023,7735201.75,6921490.95
IBM CANADA,2017-2018,17055280.57,17585833.76
IBM CANADA,2018-2019,13536828.18,13791489.57
IBM CANADA,2019-2020,14300226.49,14191775.82
IBM CANADA,2020-2021,16231403.53,15449348.71
IBM CANADA,2021-2022,7438404.99,6869694.01
IBM CANADA,2022-2023,11526537.74,10314154.76
IMP GROUP,2017-2018,586770.91,604908.63
IMP GROUP,2018-2019,442087.67,451980.47
INFO TECH RESEARCH GROUP,2019-2020,78893.55,78103.09
INFO TECH RESEARCH GROUP,2020-2021,182467.81,172762.19
INFO TECH RESEARCH GROUP,2021-2022,475188.78,435409.78
INFO TECH RESEARCH GROUP,2022-2023,500022.16,447654.79
INFORMATICA,2017-2018,81397.93,83910.48
INFORMATICA,2018-2019,81886.80,83528.03
INFORMATICA,2019-2020,44688.52,44184.67
INFORMATICA,2020-2021,42311.48,40428.89
INSA,2017-2018,20118.05,20739.92
INSA,2020-2021,166771.48,158926.50
INSA,2021-2022,182120.87,169024.32
INSA,2022-2023,217002.90,194153.70
INSIGHT SOFTWARE CANADA,2021-2022,22148.00,20576.31
INSTITUTE ON GOVERNANCE,2017-2018,17150.00,17639.78
INSTITUTE ON GOVERNANCE,2018-2019,55370.00,55990.13
INSTITUTE ON GOVERNANCE,2019-2020,36000.00,35381.81
INTEGRA NETWORKS,2017-2018,1357393.61,1396359.99
INTEGRA NETWORKS,2018-2019,1681058.57,1716797.58
INTEGRA NETWORKS,2019-2020,30921.32,30215.54
INTEGRA NETWORKS,2020-2021,15397.42,14721.76
INTEGRATED DISTRIBUTION SYSTEMS,2017-2018,11051.33,11392.94
INTEGRATED DISTRIBUTION SYSTEMS,2018-2019,11051.33,11263.11
INTEGRATED DISTRIBUTION SYSTEMS,2019-2020,11421.27,11325.27
INTEGRATED DISTRIBUTION SYSTEMS,2020-2021,8941.47,8543.28
INTEGRATED DISTRIBUTION SYSTEMS,2022-2023,18781.82,16736.84
INTERACTIVE AUDIO VISUAL,2022-2023,74141.03,66104.13
INTERNATIONAL REPORTING,2021-2022,12429.05,11393.64
INTERNATIONAL REPORTING,2022-2023,24522.19,21942.56
INVERIS TRAINING SOLUTIONS,2019-2020,285029.26,280417.65
INVERIS TRAINING SOLUTIONS,2020-2021,544689.42,518719.00
INVERIS TRAINING SOLUTIONS,2021-2022,519462.75,484335.28
INVERIS TRAINING SOLUTIONS,2022-2023,147304.36,131887.53
IPSOS,2019-2020,26027.00,25432.93
IPSOS,2020-2021,148435.26,141357.96
IRON MOUNTAIN,2017-2018,308435.13,317890.45
IRON MOUNTAIN,2021-2022,216267.03,200592.35
IRON MOUNTAIN,2022-2023,349833.78,311911.16
ISOMASS SCIENTIFIC,2017-2018,21766.74,22465.02
IT NET CONSULTANTS,2017-2018,96917.62,99714.22
IT NET CONSULTANTS,2018-2019,267991.90,273127.47
IT NET CONSULTANTS,2019-2020,268726.13,266582.50
IT NET CONSULTANTS,2020-2021,179150.75,171120.65
ITEX,2017-2018,64299.41,66328.18
ITEX,2018-2019,28459.57,29004.69
ITEX,2019-2020,66610.71,66190.09
ITEX,2020-2021,23072.74,22055.75
ITEX,2021-2022,10636.05,9888.61
ITEX,2022-2023,22808.15,20311.05
IVAN S CAMERA,2021-2022,3808.80,3443.10
IVAN S CAMERA,2022-2023,20749.45,18566.69
JANE S GROUP UK,2020-2021,126213.42,119948.17
JANE S GROUP UK,2021-2022,736279.40,680209.67
JANE S GROUP UK,2022-2023,425939.92,384118.15
JIM PATTISON INDUSTRIES,2017-2018,633629.33,652075.35
JIM PATTISON INDUSTRIES,2018-2019,483179.84,492608.31
JIM PATTISON INDUSTRIES,2019-2020,363282.88,359748.81
JIM PATTISON INDUSTRIES,2020-2021,65908.94,62458.68
JIM PATTISON INDUSTRIES,2021-2022,643417.42,590685.97
JIM PATTISON INDUSTRIES,2022-2023,21739.66,19508.06
JOHN HOWARD SOCIETY,2018-2019,2218608.38,2257998.97
JOHN HOWARD SOCIETY,2019-2020,2657610.57,2636410.87
JOHN HOWARD SOCIETY,2020-2021,2650349.34,2523982.50
JOHN HOWARD SOCIETY,2021-2022,2650349.34,2464097.80
JOHN HOWARD SOCIETY,2022-2023,2650349.34,2371543.70
JOHNSON CONTROLS CANADA,2017-2018,64934.50,67009.75
JUNO RISK SOLUTIONS,2018-2019,31050.00,31443.24
JUNO RISK SOLUTIONS,2019-2020,88414.11,87256.05
JUNO RISK SOLUTIONS,2020-2021,219399.71,208157.00
JUNO RISK SOLUTIONS,2021-2022,34503.29,32195.68
JUNO RISK SOLUTIONS,2022-2023,162601.43,145389.93
KIA CANADA,2020-2021,65474.46,61695.00
KIA CANADA,2021-2022,216753.78,198516.23
KIA CANADA,2022-2023,554685.93,491526.51
KNOWLEDGE CIRCLE,2018-2019,17374.58,17664.52
KNOWLEDGE CIRCLE,2019-2020,57203.15,56999.48
KNOWLEDGE CIRCLE,2022-2023,46171.19,41400.70
KONICA MINOLTA BUSINESS SOLUTIONS,2017-2018,13027.95,13431.39
KONICA MINOLTA BUSINESS SOLUTIONS,2018-2019,11766.39,11996.38
KONICA MINOLTA BUSINESS SOLUTIONS,2019-2020,11197.95,11108.62
KONICA MINOLTA BUSINESS SOLUTIONS,2020-2021,26890.02,25456.60
KONICA MINOLTA BUSINESS SOLUTIONS,2021-2022,3115.77,2910.88
KONICA MINOLTA BUSINESS SOLUTIONS,2022-2023,118190.91,105185.19
KPMG,2017-2018,43868.43,45134.28
KPMG,2018-2019,91392.57,93437.70
KWC ARCHITECTS,2019-2020,41116.96,40537.02
KWC ARCHITECTS,2020-2021,28337.36,26980.10
L AGENCE,2019-2020,1266812.67,1252333.75
L AGENCE,2020-2021,1657299.72,1578280.80
L AGENCE,2021-2022,1657299.72,1540834.08
L AGENCE,2022-2023,1248650.48,1121326.47
L3HARRIS,2017-2018,156701.65,161227.68
LANGUAGE RESEARCH DEVELOPMENT GROUP,2018-2019,15565.00,15769.28
LANGUAGE RESEARCH DEVELOPMENT GROUP,2020-2021,39522.17,37645.94
LANGUAGE RESEARCH DEVELOPMENT GROUP,2021-2022,155793.04,143062.93
LANGUAGE RESEARCH DEVELOPMENT GROUP,2022-2023,306322.94,273978.63
LANSDOWNE TECHNOLOGIES,2018-2019,101652.54,104115.38
LEAN AGILITY,2019-2020,24408.00,24183.82
LEO PISCES SERVICES GROUP,2017-2018,28945.91,29772.56
LEO PISCES SERVICES GROUP,2018-2019,256256.85,260544.70
LEO PISCES SERVICES GROUP,2019-2020,239056.74,236936.50
LEO PISCES SERVICES GROUP,2020-2021,551780.85,525472.32
LEO PISCES SERVICES GROUP,2021-2022,435176.44,406427.32
LES AUTOBUS E MENARD ET FILS,2018-2019,754716.97,767453.67
LES AUTOBUS E MENARD ET FILS,2019-2020,1134143.32,1126254.82
LES AUTOBUS E MENARD ET FILS,2020-2021,601949.70,574645.59
LES AUTOBUS E MENARD ET FILS,2021-2022,771022.35,710925.44
LES AUTOBUS E MENARD ET FILS,2022-2023,1158119.99,1036290.62
LES ENQUETES HENRI,2019-2020,8190.89,8003.94
LES ENQUETES HENRI,2020-2021,241072.00,229697.60
LES ENQUETES HENRI,2021-2022,322390.62,299137.76
LES ENQUETES HENRI,2022-2023,327646.69,292869.17
LES ENTREPRISES FERVEL,2019-2020,2429.47,2374.02
LES ENTREPRISES FERVEL,2020-2021,11539.99,10901.01
LEXISNEXIS CANADA,2017-2018,125141.26,129013.20
LEXISNEXIS CANADA,2018-2019,112691.74,114816.52
LEXISNEXIS CANADA,2019-2020,109965.59,109049.86
LEXISNEXIS CANADA,2020-2021,122967.78,117089.17
LEXISNEXIS CANADA,2021-2022,123651.81,114946.38
LEXISNEXIS CANADA,2022-2023,97583.90,87355.67
LIFE TECHNOLOGIES,2021-2022,93177.14,85491.49
LIFE TECHNOLOGIES,2022-2023,87052.66,78452.75
LINDE CANADA,2017-2018,21205.51,21822.26
LLOYD LIBKE LAW ENFORCEMENT SALES,2017-2018,1940606.01,2000570.03
LLOYD LIBKE LAW ENFORCEMENT SALES,2018-2019,1668048.99,1703172.81
LOGISTIK UNICORP,2017-2018,4731523.48,4877779.97
LOGISTIK UNICORP,2018-2019,4731523.48,4822194.34
LOGISTIK UNICORP,2019-2020,4744486.56,4706639.90
LOGISTIK UNICORP,2020-2021,4806103.48,4576996.45
LOGISTIK UNICORP,2021-2022,4718560.40,4387300.38
LOGISTIK UNICORP,2022-2023,8495575.20,7600878.06
LUMINA IT,2017-2018,430063.58,443357.31
LUMINA IT,2018-2019,89154.80,91235.03
LUMINA IT,2019-2020,7624.04,7647.63
MAGNET FORENSICS,2018-2019,5038.75,5085.82
MAGNET FORENSICS,2019-2020,119150.54,117690.75
MAGNET FORENSICS,2020-2021,87251.39,83093.71
MAGNET FORENSICS,2021-2022,28675.34,26022.05
MAKWA RESOURCING,2021-2022,2803318.91,2576274.48
MAKWA RESOURCING,2022-2023,4228423.92,3792144.96
MAPLESOFT CONSULTING,2017-2018,114315.25,118050.42
MAPLESOFT CONSULTING,2018-2019,144329.31,146654.20
MAPLESOFT CONSULTING,2019-2020,209621.14,207949.00
MAPLESOFT CONSULTING,2020-2021,209048.41,199081.12
MAPLESOFT CONSULTING,2021-2022,63000.89,59576.22
MCGILL UNIVERSITY,2021-2022,15542.32,14436.17
MCKINSEY AND COMPANY,2017-2018,740398.35,761819.42
MCKINSEY AND COMPANY,2018-2019,1444422.03,1475293.95
MCKINSEY AND COMPANY,2019-2020,666911.08,661591.15
MCKINSEY AND COMPANY,2020-2021,276968.54,263682.68
MCKINSEY AND COMPANY,2022-2023,0.00,0.00
MDOS CONSULTING,2017-2018,527018.39,543309.10
MDOS CONSULTING,2018-2019,716645.07,730008.78
MDOS CONSULTING,2019-2020,767784.22,761659.62
MDOS CONSULTING,2020-2021,576059.77,548216.45
MDOS CONSULTING,2021-2022,381565.38,355335.11
MEDI SELECT,2019-2020,21097.33,20615.78
MEGA TECH,2018-2019,12494.92,12611.64
MEGA TECH,2019-2020,12644.26,12683.39
MEGA TECH,2020-2021,44479.76,42517.59
MELTWATER,2019-2020,24634.00,24437.50
MELTWATER,2020-2021,23730.00,22659.19
MELTWATER,2021-2022,31640.00,29416.52
MERCURY MARINE,2021-2022,239845.90,220459.73
MGIS,2017-2018,3648543.10,3760172.04
MGIS,2018-2019,6778263.12,6901569.96
MGIS,2019-2020,9653349.67,9572432.27
MGIS,2020-2021,9162382.37,8720626.25
MGIS,2021-2022,8097742.32,7531092.63
MGIS,2022-2023,10487892.55,9377847.19
MICROSOFT CANADA,2017-2018,544904.46,561728.65
MICROSOFT CANADA,2018-2019,445924.17,454381.90
MICROSOFT CANADA,2019-2020,682340.74,676854.68
MICROSOFT CANADA,2020-2021,2153229.72,2042909.06
MICROSOFT CANADA,2021-2022,6121977.75,5691759.81
MICROSOFT CANADA,2022-2023,7009452.61,6265313.12
MINDWIRE SYSTEMS,2017-2018,1652916.17,1703858.27
MINDWIRE SYSTEMS,2018-2019,2008728.56,2046049.35
MINDWIRE SYSTEMS,2019-2020,2246674.73,2229754.71
MINDWIRE SYSTEMS,2020-2021,1147068.16,1092843.98
MINDWIRE SYSTEMS,2021-2022,507442.76,471782.56
MISHKUMI TECHNOLOGIES,2017-2018,37307.82,38373.27
MISHKUMI TECHNOLOGIES,2018-2019,11723.75,11993.32
MITSUBISHI MOTOR SALES,2017-2018,44939.25,46222.65
MITSUBISHI MOTOR SALES,2018-2019,29651.77,30114.64
MITSUBISHI MOTOR SALES,2019-2020,227834.22,223481.81
MITSUBISHI MOTOR SALES,2021-2022,150497.22,136929.16
MITSUBISHI MOTOR SALES,2022-2023,145905.17,130479.20
MNP,2017-2018,259119.56,266946.22
MNP,2018-2019,231482.49,236115.58
MNP,2019-2020,220558.83,218581.40
MNP,2020-2021,94563.96,90033.54
MNP,2021-2022,106509.92,99017.54
MNP,2022-2023,91198.80,81771.46
MODIS CANADA,2017-2018,1678582.29,1731143.03
MODIS CANADA,2018-2019,993766.12,1011326.56
MODIS CANADA,2019-2020,2737230.22,2714561.73
MODIS CANADA,2020-2021,2230969.85,2125457.16
MODIS CANADA,2021-2022,1477208.66,1373670.66
MODIS CANADA,2022-2023,1349354.03,1208512.93
MOORE CANADA,2017-2018,583747.00,601831.15
MOORE CANADA,2018-2019,457412.48,466519.83
MOORE CANADA,2019-2020,293376.22,292084.61
MOORE CANADA,2020-2021,374060.39,357234.19
MOORE CANADA,2021-2022,265118.99,249049.44
MOORE CANADA,2022-2023,245644.49,217562.77
MORNEAU SHEPELL,2021-2022,790278.28,734742.00
MORNEAU SHEPELL,2022-2023,790278.28,707144.32
MORPHO CANADA,2017-2018,637379.27,656974.21
MORPHO CANADA,2018-2019,591840.27,603181.79
MORPHO CANADA,2019-2020,706735.13,699963.09
MORPHO CANADA,2020-2021,591840.27,563621.73
MORPHO CANADA,2021-2022,657013.02,609164.21
MORPHO CANADA,2022-2023,429692.25,385987.56
MOTOROLA SOLUTIONS CANADA,2017-2018,19201626.52,19752888.38
MOTOROLA SOLUTIONS CANADA,2018-2019,1644211.34,1675915.00
MOTOROLA SOLUTIONS CANADA,2019-2020,1067989.39,1063060.57
MOTOROLA SOLUTIONS CANADA,2020-2021,4563896.34,4332007.94
MOTOROLA SOLUTIONS CANADA,2021-2022,1974416.60,1821161.43
MOTOROLA SOLUTIONS CANADA,2022-2023,3210036.19,2865940.15
"NATIONS TRANSLATION GROUP",2020-2021,25057.22,23610.81
"NATIONS TRANSLATION GROUP",2021-2022,116971.17,108544.32
"NATIONS TRANSLATION GROUP",2022-2023,247513.33,220823.03
"NATTIQ",2022-2023,40000.00,35587.95
"NAV CANADA",2017-2018,2330097.37,2406433.47
"NAV CANADA",2018-2019,323570.71,330835.55
"NAV CANADA",2019-2020,119543.49,117150.38
"NAV CANADA",2020-2021,366667.00,349184.57
"NAV CANADA",2021-2022,366667.00,340899.72
"NAV CANADA",2022-2023,271233.12,243609.97
"NAVPOINT CONSULTING GROUP",2017-2018,591655.55,609944.26
"NAVPOINT CONSULTING GROUP",2018-2019,591655.55,602993.53
"NAVPOINT CONSULTING GROUP",2019-2020,593276.53,588543.97
"NAVPOINT CONSULTING GROUP",2020-2021,591655.55,563445.82
"NAVPOINT CONSULTING GROUP",2021-2022,327312.40,298881.58
"NAVPOINT CONSULTING GROUP",2022-2023,990458.15,885183.75
NEPTUNE SECURITY SERVICES,2018-2019,780390.57,793641.78
NEPTUNE SECURITY SERVICES,2019-2020,1009268.37,1001217.46
NEPTUNE SECURITY SERVICES,2020-2021,1006510.80,958521.06
NEPTUNE SECURITY SERVICES,2022-2023,13348243.23,11907105.75
NEWFOUND RECRUITING,2017-2018,672772.16,693568.27
NEWFOUND RECRUITING,2018-2019,672772.16,685664.59
NEWFOUND RECRUITING,2019-2020,674615.37,669233.98
NEWFOUND RECRUITING,2020-2021,672772.16,640694.84
NEWFOUND RECRUITING,2021-2022,90401.20,85609.49
NIKON CANADA,2019-2020,141658.95,138425.56
NIKON CANADA,2021-2022,42926.87,39151.84
NISHA TECHONOLOGIES,2017-2018,2034968.30,2094398.56
NISHA TECHONOLOGIES,2018-2019,10048926.53,10179980.00
NISHA TECHONOLOGIES,2019-2020,3089625.82,3057001.27
NISHA TECHONOLOGIES,2020-2021,281217.57,265556.67
NISHA TECHONOLOGIES,2021-2022,1788609.87,1658395.39
NISHA TECHONOLOGIES,2022-2023,11288.75,10156.29
NISSAN CANADA,2019-2020,89260.12,87641.68
NISSAN CANADA,2020-2021,91270.67,86955.55
NISSAN CANADA,2021-2022,58863.96,54364.50
NITAM SOLUTIONS,2021-2022,143970.81,133717.82
NORTHERN MICRO,2017-2018,4140133.00,4259744.04
NORTHERN MICRO,2018-2019,1668623.23,1696428.06
NORTHERN MICRO,2019-2020,708022.69,703107.06
NORTHERN MICRO,2020-2021,68571.20,65366.64
NORTHERN MICRO,2021-2022,3909671.28,3566514.25
NORTHERN MICRO,2022-2023,475440.87,425721.73
NUA OFFICE,2019-2020,3006.45,2937.83
NUA OFFICE,2020-2021,20377.05,19248.76
NUCTECH COMPANY,2017-2018,234945.84,241744.66
NUCTECH COMPANY,2018-2019,577748.21,588699.92
NUCTECH COMPANY,2019-2020,4617248.62,4537942.19
NUCTECH COMPANY,2020-2021,615562.15,586212.56
NUCTECH COMPANY,2021-2022,615562.15,572303.92
NUCTECH COMPANY,2022-2023,615562.15,550807.59
NUIX NORTH AMERICA,2021-2022,22867.77,20672.10
NUIX NORTH AMERICA,2022-2023,27133.26,24229.22
OCR CANADA,2021-2022,29870.47,27723.44
OCR CANADA,2022-2023,13083.65,11705.11
OLIN,2018-2019,45647.99,46074.42
OLIN,2019-2020,1670716.45,1657389.18
OLIN,2020-2021,1255319.73,1199593.73
ONX ENTERPRISE SOLUTIONS,2018-2019,3286.23,3316.93
ONX ENTERPRISE SOLUTIONS,2019-2020,118792.01,117893.96
OPENFRAME TECHNOLOGIES,2017-2018,166562.00,171710.61
OPENFRAME TECHNOLOGIES,2018-2019,166562.00,169753.85
OPENFRAME TECHNOLOGIES,2019-2020,30574.39,30669.01
OPENFRAME TECHNOLOGIES,2021-2022,66444.00,61774.69
OPENFRAME TECHNOLOGIES,2022-2023,66444.00,59454.37
OPENTEXT,2017-2018,27902.18,28764.66
OPENTEXT,2018-2019,161513.75,164608.86
OPENTEXT,2019-2020,138880.94,137974.74
OPENTEXT,2020-2021,117572.63,111949.29
OPENTEXT,2021-2022,727429.22,676289.07
OPENTEXT,2022-2023,104065.50,93118.25
ORACLE CANADA,2017-2018,181036.00,186683.74
ORACLE CANADA,2018-2019,425520.14,432201.78
ORACLE CANADA,2019-2020,1081257.11,1072518.50
ORACLE CANADA,2020-2021,695812.44,662081.86
ORACLE CANADA,2021-2022,740648.49,688299.72
ORACLE CANADA,2022-2023,790765.27,708661.03
ORBIS RISK CONSULTING,2017-2018,7257.72,7480.51
ORBIS RISK CONSULTING,2018-2019,9847.83,10036.55
ORBIS RISK CONSULTING,2019-2020,9874.81,9796.04
ORBIS RISK CONSULTING,2020-2021,9847.83,9378.29
ORBIS RISK CONSULTING,2021-2022,7419.60,6960.70
PACIFIC SAFETY PRODUCTS,2018-2019,7865.18,7938.65
PACIFIC SAFETY PRODUCTS,2019-2020,1327749.86,1311023.63
PACIFIC SAFETY PRODUCTS,2020-2021,1729360.70,1640230.82
PACIFIC SAFETY PRODUCTS,2021-2022,505953.92,468900.67
PACIFIC SAFETY PRODUCTS,2022-2023,1594436.37,1422206.71
PALADIN GROUP,2017-2018,16494.45,16965.51
PALADIN GROUP,2018-2019,765756.11,775680.82
PALADIN GROUP,2019-2020,129804.55,127191.46
PALADIN GROUP,2020-2021,573705.11,543648.89
PALADIN GROUP,2021-2022,1232919.56,1136583.60
PALADIN GROUP,2022-2023,796235.22,710532.54
PANASONIC,2021-2022,19917.85,18005.42
PANASONIC,2022-2023,10127.72,9148.01
PARKLAND,2017-2018,30157.16,31068.71
PARKLAND,2018-2019,1526.95,1567.71
PATTISON SIGN GROUP,2017-2018,1297048.04,1337714.87
PATTISON SIGN GROUP,2018-2019,1306742.87,1329367.46
PATTISON SIGN GROUP,2019-2020,124281.34,121781.66
PATTISON SIGN GROUP,2020-2021,595550.40,568028.28
PATTISON SIGN GROUP,2021-2022,850176.20,778769.20
PATTISON SIGN GROUP,2022-2023,264512.92,237215.66
PERCEPTICS,2017-2018,4226269.44,4356549.53
PERCEPTICS,2018-2019,4910592.18,5006946.59
PERCEPTICS,2019-2020,3578603.03,3550056.59
PERCEPTICS,2020-2021,3568825.43,3398666.27
PERCEPTICS,2021-2022,3869692.13,3593417.35
PERCEPTICS,2022-2023,3568825.43,3193399.95
PHASELOCK SYSTEMS INTERNATIONAL,2018-2019,30916.80,31382.12
PHASELOCK SYSTEMS INTERNATIONAL,2019-2020,71924.93,71141.09
PITNEY BOWES,2017-2018,23077.67,23756.23
PITNEY BOWES,2018-2019,57830.21,59041.43
PITNEY BOWES,2019-2020,29471.40,29246.27
PITNEY BOWES,2020-2021,52437.36,49690.09
PITNEY BOWES,2021-2022,25658.84,23921.07
PITNEY BOWES,2022-2023,13047.60,11702.24
PLEIAD CANADA,2020-2021,24295.00,23274.37
POLARIS INDUSTRIES,2020-2021,42022.44,39801.51
PRA,2019-2020,25029.50,24716.78
PRECISIONIT,2017-2018,1163440.58,1198990.48
PRECISIONIT,2018-2019,1625480.72,1655565.21
PRECISIONIT,2019-2020,1361636.74,1354255.11
PRECISIONIT,2020-2021,381397.14,363279.15
PRECISIONIT,2021-2022,203032.66,188764.68
PRECISIONIT,2022-2023,7787.55,7034.22
PRICEWATERHOUSE COOPERS,2017-2018,764063.12,786969.51
PRICEWATERHOUSE COOPERS,2018-2019,1463750.45,1491249.68
PRICEWATERHOUSE COOPERS,2019-2020,1704543.00,1691334.79
PRICEWATERHOUSE COOPERS,2020-2021,472236.71,449512.25
PRICEWATERHOUSE COOPERS,2021-2022,148391.97,139213.95
PRINTERS PLUS,2017-2018,54496.42,56105.48
PRINTERS PLUS,2018-2019,142748.31,145023.42
PRINTERS PLUS,2019-2020,224518.25,223310.38
PRINTERS PLUS,2020-2021,55565.24,52969.03
PRINTERS PLUS,2021-2022,19593.96,18266.53
PRINTERS PLUS,2022-2023,9286.41,8325.32
PROCOM CONSULTANTS,2017-2018,2864764.36,2953542.74
PROCOM CONSULTANTS,2018-2019,2553755.78,2602749.65
PROCOM CONSULTANTS,2019-2020,2828584.04,2805824.32
PROCOM CONSULTANTS,2020-2021,2520539.42,2400938.04
PROCOM CONSULTANTS,2021-2022,1755678.49,1642368.28
PROQUEST,2020-2021,11342.41,10687.68
PROQUEST,2021-2022,34657.38,32513.82
PROSCI CANADA,2018-2019,202246.73,204471.47
PROSCI CANADA,2019-2020,811095.29,796026.78
PROSCI CANADA,2020-2021,922010.89,875174.17
PROSCI CANADA,2021-2022,216905.22,200453.92
PROSCI CANADA,2022-2023,153324.17,136746.52
PROTAK CONSULTING GROUP,2017-2018,97293.00,100216.85
PURELOGIC,2017-2018,182437.59,187653.41
PURELOGIC,2019-2020,360109.82,354720.79
PURELOGIC,2021-2022,9398.38,8495.98
PURELOGIC,2022-2023,114804.84,102073.76
PURESPIRIT SOLUTIONS,2019-2020,190928.42,186570.45
PURESPIRIT SOLUTIONS,2021-2022,832768.55,763433.85
PURESPIRIT SOLUTIONS,2022-2023,62470.92,55705.52
QIAGEN,2018-2019,4269.68,4309.56
QIAGEN,2019-2020,68092.59,67084.00
QMR,2017-2018,1129194.56,1164722.74
QMR,2018-2019,1078971.46,1098156.44
QMR,2019-2020,1305478.99,1294788.86
QMR,2020-2021,1680228.03,1598704.88
QMR,2021-2022,1943903.24,1805652.93
QMR,2022-2023,1748241.54,1564210.90
QUANTUM MANAGEMENT SERVICES,2017-2018,2986.03,3079.68
QUEEN S UNIVERSITY,2019-2020,55935.00,54658.28
QUINTET CONSULTING,2018-2019,187949.37,190777.95
QUINTET CONSULTING,2019-2020,42692.50,41718.04
QUINTET CONSULTING,2020-2021,170272.25,162399.06
QUINTET CONSULTING,2021-2022,80327.50,74512.36
R E GILMORE INVESTMENTS,2017-2018,17138.51,17643.99
R E GILMORE INVESTMENTS,2018-2019,18623.49,18969.07
R E GILMORE INVESTMENTS,2019-2020,14037.99,14081.43
R R INTERNATIONAL TRANSLATION,2021-2022,8620.69,7792.97
R R INTERNATIONAL TRANSLATION,2022-2023,31379.31,28343.81
RADIATION SOLUTIONS,2017-2018,889504.19,917051.47
RADIATION SOLUTIONS,2018-2019,873695.32,890438.07
RADIATION SOLUTIONS,2019-2020,876089.01,869100.47
RADIATION SOLUTIONS,2020-2021,1291534.82,1226614.94
RADIATION SOLUTIONS,2021-2022,1289656.09,1204686.91
RADIATION SOLUTIONS,2022-2023,764502.51,681928.83
RAMPART INTERNATIONAL,2017-2018,81779.41,84221.65
RAMPART INTERNATIONAL,2018-2019,45369.85,46239.28
RAMPART INTERNATIONAL,2019-2020,117147.32,115898.94
RAMPART INTERNATIONAL,2020-2021,154307.70,146707.46
RAMPART INTERNATIONAL,2021-2022,209872.50,190753.24
RAMPART INTERNATIONAL,2022-2023,298417.48,266215.91
RANDSTAD,2017-2018,5327832.06,5492664.35
RANDSTAD,2018-2019,4408780.62,4493705.38
RANDSTAD,2019-2020,4924387.03,4886414.85
RANDSTAD,2020-2021,3214448.39,3063043.94
RANDSTAD,2021-2022,1908839.77,1777261.65
RANDSTAD,2022-2023,1549008.68,1388201.54
RAPISCAN SYSTEMS,2017-2018,906706.89,934734.17
RAPISCAN SYSTEMS,2018-2019,906706.89,924082.24
RAPISCAN SYSTEMS,2019-2020,909191.02,901938.42
RAPISCAN SYSTEMS,2020-2021,906706.89,863475.72
RAPISCAN SYSTEMS,2021-2022,906706.89,842988.66
RAPISCAN SYSTEMS,2022-2023,939363.53,840224.47
RAYMOND CHABOT GRANT THORNTON,2017-2018,568193.30,585756.76
RAYMOND CHABOT GRANT THORNTON,2018-2019,430708.38,437842.50
RAYMOND CHABOT GRANT THORNTON,2019-2020,2155271.20,2133862.26
RAYMOND CHABOT GRANT THORNTON,2020-2021,1038081.07,988586.07
RAYMOND CHABOT GRANT THORNTON,2021-2022,118676.91,110336.97
RAYMOND CHABOT GRANT THORNTON,2022-2023,67800.00,60918.87
RHEA,2018-2019,13081.10,13203.29
RHEA,2019-2020,11891.90,11928.71
RICOH,2017-2018,197242.23,203210.59
RICOH,2018-2019,405330.13,412766.95
RICOH,2019-2020,603560.89,598371.35
RICOH,2020-2021,765017.19,728410.81
RICOH,2021-2022,732526.14,681223.28
RICOH,2022-2023,655835.41,586514.92
ROGERS,2019-2020,152656.92,151196.22
ROGERS,2020-2021,73943.20,70412.03
S P GLOBAL MARKET INTELLIGENCE,2020-2021,54681.80,52214.29
S P GLOBAL MARKET INTELLIGENCE,2021-2022,52113.33,48285.79
S P GLOBAL MARKET INTELLIGENCE,2022-2023,37540.97,33591.82
SALESFORCE CANADA,2021-2022,11964.22,10815.46
SALESFORCE CANADA,2022-2023,4642.83,4193.70
SALVATION ARMY,2018-2019,496340.51,505101.64
SALVATION ARMY,2019-2020,597567.85,592801.07
SALVATION ARMY,2020-2021,178336.92,169833.93
SALVATION ARMY,2021-2022,178336.92,165804.41
SALVATION ARMY,2022-2023,178336.92,159576.62
SAMSON ASSOCIES,2017-2018,600126.76,618677.33
SAMSON ASSOCIES,2018-2019,709916.34,724148.26
SAMSON ASSOCIES,2019-2020,671225.15,665495.01
SAMSON ASSOCIES,2020-2021,877395.93,836293.52
SAMSON ASSOCIES,2021-2022,978160.69,910162.26
SAMSON ASSOCIES,2022-2023,184652.55,165322.98
SANI SPORT,2019-2020,61149.05,60306.11
SANI SPORT,2020-2021,1443277.85,1373461.93
SANI SPORT,2021-2022,310155.49,290303.80
SAP,2017-2018,956977.14,985948.67
SAP,2018-2019,1555790.42,1583260.74
SAP,2019-2020,1715859.68,1704045.03
SAP,2020-2021,1642027.02,1563583.45
SAP,2021-2022,362727.63,337749.00
SAP,2022-2023,163401.10,146216.41
SAS INSTITUTE,2017-2018,10596.01,10923.54
SECURIGUARD SERVICES,2017-2018,430199.76,442485.61
SECURIGUARD SERVICES,2018-2019,5234097.13,5334398.88
SECURIGUARD SERVICES,2019-2020,5248437.13,5206570.46
SECURIGUARD SERVICES,2020-2021,5234097.13,4984538.96
SECURIGUARD SERVICES,2021-2022,5234097.13,4866274.42
SECURIGUARD SERVICES,2022-2023,2474446.20,2215343.41
SERCO,2017-2018,451842.31,465809.25
SERCO,2018-2019,431059.51,439319.97
SERCO,2019-2020,72040.08,72263.02
SHARP ELECTRONICS,2017-2018,3495.09,3602.60
SHARP ELECTRONICS,2018-2019,7658.85,7786.65
SHARP ELECTRONICS,2019-2020,11624.89,11532.16
SHARP ELECTRONICS,2020-2021,8098.04,7703.00
SHARP ELECTRONICS,2021-2022,6937.26,6449.75
SHARP ELECTRONICS,2022-2023,6937.26,6207.49
SHI CANADA,2021-2022,17008.54,15641.85
SHI CANADA,2022-2023,27786.31,24841.53
SI SYSTEMS,2017-2018,5698490.88,5876376.68
SI SYSTEMS,2018-2019,5562071.90,5664102.45
SI SYSTEMS,2019-2020,7897306.26,7827494.26
SI SYSTEMS,2020-2021,5991971.38,5704773.99
SI SYSTEMS,2021-2022,5350529.23,4974679.83
SI SYSTEMS,2022-2023,1948735.22,1754237.56
SMITHS DETECTION,2017-2018,5113276.28,5271137.02
SMITHS DETECTION,2018-2019,7742874.05,7870658.61
SMITHS DETECTION,2019-2020,8417755.72,8336752.60
SMITHS DETECTION,2020-2021,6030189.21,5740988.75
SMITHS DETECTION,2021-2022,6124925.86,5678195.15
SMITHS DETECTION,2022-2023,5916060.31,5287297.69
SOFTCHOICE,2017-2018,19407.28,20007.19
SOFTCHOICE,2018-2019,299130.23,303573.23
SOFTCHOICE,2019-2020,685867.82,681706.35
SOFTCHOICE,2020-2021,44492.28,42348.58
SOFTCHOICE,2021-2022,84387.33,77990.09
SOFTCHOICE,2022-2023,132839.40,118936.70
SOFTSIM TECHNOLOGIES,2020-2021,235436.48,222075.34
SOFTSIM TECHNOLOGIES,2021-2022,1038748.69,965751.31
SOFTSIM TECHNOLOGIES,2022-2023,757005.89,679989.44
SOLACE,2021-2022,10915.97,9867.87
SOLACE,2022-2023,254706.05,228019.66
SOLOTECH,2017-2018,8333.33,8590.93
SOLOTECH,2018-2019,8333.33,8493.03
SOLOTECH,2019-2020,4885.84,4881.79
SOLUTIONS MOERAE,2017-2018,304707.41,314126.24
SOLUTIONS MOERAE,2018-2019,15026.67,15427.83
SOMOS,2017-2018,571125.10,588922.51
SOMOS,2018-2019,179077.22,183172.06
ST JOSEPH PRINT GROUP,2019-2020,10904.50,10655.60
STANTEC,2019-2020,85972.51,85557.85
STANTEC,2020-2021,11415.98,10889.72
STERICYCLE,2019-2020,13139.39,12839.48
STERICYCLE,2020-2021,119708.35,113540.40
STERICYCLE,2021-2022,305549.30,284077.02
SUBARU CANADA,2018-2019,173090.98,174797.67
SUBARU CANADA,2019-2020,133928.61,131480.20
SUBARU CANADA,2020-2021,117891.21,112379.01
SUBARU CANADA,2022-2023,79845.80,71242.73
SUMMIT CANADA DISTRIBUTORS,2017-2018,86410.15,89079.73
SUMMIT CANADA DISTRIBUTORS,2018-2019,75059.15,76497.52
SUMMIT CANADA DISTRIBUTORS,2019-2020,75264.79,74664.40
SUMMIT CANADA DISTRIBUTORS,2020-2021,75059.15,71480.38
SUPREMEX,2017-2018,24916.12,25767.86
SUPREMEX,2018-2019,24902.57,25526.55
SUPREMEX,2019-2020,17342.29,17105.29
SUPREMEX,2020-2021,46950.40,44492.41
SUPREMEX,2021-2022,17853.15,16906.84
SYFT TECHNOLOGIES,2017-2018,807036.47,831982.84
SYFT TECHNOLOGIES,2018-2019,807036.47,822501.83
SYFT TECHNOLOGIES,2019-2020,809247.53,802792.18
SYFT TECHNOLOGIES,2020-2021,807036.47,768557.52
SYFT TECHNOLOGIES,2021-2022,767154.73,716864.09
SYFT TECHNOLOGIES,2022-2023,550470.96,492563.73
SYSTEMATIX SOLUTIONS,2017-2018,639840.87,659871.40
SYSTEMATIX SOLUTIONS,2018-2019,459937.83,467892.49
SYSTEMATIX SOLUTIONS,2019-2020,591013.86,586299.36
SYSTEMATIX SOLUTIONS,2020-2021,589399.07,561296.92
SYSTEMATIX SOLUTIONS,2021-2022,227685.67,214984.24
SYSTEMS FOR RESEARCH,2021-2022,1183.91,1070.24
SYSTEMS FOR RESEARCH,2022-2023,7324.20,6553.73
SYSTEMSCOPE,2019-2020,94291.66,92139.44
SYSTEMSCOPE,2020-2021,570877.30,543658.26
SYSTEMSCOPE,2021-2022,1726933.46,1599102.09
SYSTEMSCOPE,2022-2023,818321.00,735082.14
TAG HR,2017-2018,55192.25,56828.85
TAG HR,2018-2019,58772.29,59981.74
TAG HR,2019-2020,5193.96,5210.04
TAG HR,2021-2022,4571.03,4132.14
TAG HR,2022-2023,37918.79,33929.89
TALIGENT CONSULTING,2017-2018,922569.96,951087.59
TALIGENT CONSULTING,2018-2019,1343884.28,1369517.68
TALIGENT CONSULTING,2019-2020,1363492.30,1352615.75
TALIGENT CONSULTING,2020-2021,340358.66,324079.94
TALIGENT CONSULTING,2021-2022,201114.41,186981.23
TALIGENT CONSULTING,2022-2023,201114.41,179958.02
TANKATEK,2021-2022,34069.75,30798.51
TANKATEK,2022-2023,210937.25,189082.82
TEEL TECHNOLOGIES CANADA,2017-2018,7256.30,7468.90
TEEL TECHNOLOGIES CANADA,2018-2019,14995.43,15238.02
TEEL TECHNOLOGIES CANADA,2019-2020,32126.68,31995.41
TEEL TECHNOLOGIES CANADA,2021-2022,44835.00,40784.66
TEEL TECHNOLOGIES CANADA,2022-2023,75007.80,66805.58
TEKNION,2017-2018,2245.38,2309.51
TEKNION,2018-2019,67511.25,68408.49
TEKNION,2019-2020,79534.09,77740.26
TEKNION,2020-2021,119754.11,113720.64
TEKNION,2021-2022,44808.77,41246.12
TEKNION,2022-2023,28428.54,25185.96
TEKSYSTEMS CANADA,2017-2018,1656332.43,1707629.67
TEKSYSTEMS CANADA,2018-2019,1532995.00,1561900.03
TEKSYSTEMS CANADA,2019-2020,2440527.73,2417490.44
TEKSYSTEMS CANADA,2020-2021,6053151.28,5755211.33
TEKSYSTEMS CANADA,2021-2022,13557952.88,12562349.47
TEKSYSTEMS CANADA,2022-2023,16616053.28,14877002.11
TELECOM COMPUTER SERVICES,2017-2018,98629.59,101601.75
TELECOM COMPUTER SERVICES,2019-2020,16217.99,15960.54
TELECOM COMPUTER SERVICES,2021-2022,3293.61,2988.86
TELECOM COMPUTER SERVICES,2022-2023,8155.61,7327.20
TELUS CANADA,2017-2018,64602.50,66599.44
TELUS CANADA,2018-2019,275303.15,278919.99
TELUS CANADA,2019-2020,79738.38,79006.24
TELUS CANADA,2020-2021,108286.94,102685.09
TELUS CANADA,2021-2022,292132.80,269616.43
TELUS CANADA,2022-2023,76648.19,68687.03
TENAQUIP,2020-2021,10615.22,10091.73
TENAQUIP,2021-2022,2158.32,1951.09
TENAQUIP,2022-2023,8777.18,7928.11
TERAMACH TECHNOLOGIES,2021-2022,35144.28,31769.87
TERVITA,2018-2019,13930.82,14192.65
TERVITA,2021-2022,14370.88,13287.93
TES CONTRACT SERVICES,2017-2018,622878.92,642136.91
TES CONTRACT SERVICES,2018-2019,203558.33,208762.53
THALES,2022-2023,81955.15,72782.21
THE AIM GROUP,2017-2018,506660.89,522525.08
THE AIM GROUP,2018-2019,244191.00,248903.77
THE AIM GROUP,2020-2021,225960.98,213460.11
THE AIM GROUP,2021-2022,2827167.81,2613062.01
THE AIM GROUP,2022-2023,1747204.16,1568661.98
THE CALGARY AIRPORT AUTHORITY,2017-2018,16026.42,16521.81
THE CALGARY AIRPORT AUTHORITY,2018-2019,6366.66,6527.85
THE GOVERNING COUNCIL OF,2018-2019,962682.12,979674.85
THE GOVERNING COUNCIL OF,2019-2020,1159018.60,1149773.14
THE GOVERNING COUNCIL OF,2020-2021,1155851.89,1100741.66
THE GOVERNING COUNCIL OF,2021-2022,1155851.89,1074625.16
THE GOVERNING COUNCIL OF,2022-2023,1155851.89,1034261.11
THE HALIFAX GROUP,2017-2018,92096.08,95013.78
THE MASHA KRUPP TRANSLATION GROUP,2019-2020,28805.75,28148.26
THE MASHA KRUPP TRANSLATION GROUP,2020-2021,236365.46,224870.26
THE MASHA KRUPP TRANSLATION GROUP,2021-2022,144028.77,135120.62
THE MATHWORKS,2017-2018,23892.76,24631.31
THE RIGHT DOOR CONSULTING,2017-2018,66741.05,68775.10
THE RIGHT DOOR CONSULTING,2018-2019,167231.85,170436.54
THE RIGHT DOOR CONSULTING,2019-2020,181313.44,179105.65
THE RIGHT DOOR CONSULTING,2020-2021,142590.94,135697.20
THE RIGHT DOOR CONSULTING,2021-2022,195824.73,181615.05
THE RIGHT DOOR CONSULTING,2022-2023,251739.96,225637.03
THERMO FISHER SCIENTIFIC,2017-2018,267513.60,275336.13
THERMO FISHER SCIENTIFIC,2018-2019,221523.40,225548.51
THERMO FISHER SCIENTIFIC,2019-2020,370874.77,366780.38
THERMO FISHER SCIENTIFIC,2020-2021,205330.96,195574.19
THERMO FISHER SCIENTIFIC,2021-2022,245593.45,227565.48
THERMO FISHER SCIENTIFIC,2022-2023,230780.77,206774.70
THINKON,2019-2020,696825.02,680919.88
THINKON,2020-2021,2794957.50,2661695.84
THINKON,2021-2022,2794957.50,2598543.71
THINKPOINT,2017-2018,36793.09,37843.85
THINKPOINT,2018-2019,363183.41,370830.90
THOMSON REUTERS,2018-2019,39848.26,40319.59
THOMSON REUTERS,2019-2020,69572.95,68426.07
THOMSON REUTERS,2020-2021,9317.86,8854.86
THOMSON REUTERS,2021-2022,47930.49,44094.96
TIREE,2017-2018,143490.92,148155.32
TITAN BOATS,2018-2019,195626.63,198000.88
TITAN BOATS,2019-2020,522622.95,518454.00
TITAN BOATS,2020-2021,831279.56,792498.51
TITAN BOATS,2021-2022,11297.93,10456.86
TORONTO BAIL PROGRAM,2017-2018,1423184.73,1466870.49
TORONTO BAIL PROGRAM,2018-2019,1533545.21,1562932.75
TORONTO BAIL PROGRAM,2019-2020,1537746.70,1525480.13
TORONTO BAIL PROGRAM,2020-2021,1533545.21,1460426.82
TORONTO BAIL PROGRAM,2021-2022,1533545.21,1425776.33
TORONTO BAIL PROGRAM,2022-2023,1533545.21,1372222.68
TOSHIBA CANADA,2017-2018,2145761.57,2207050.77
TOSHIBA CANADA,2018-2019,911017.02,919567.13
TOSHIBA CANADA,2019-2020,4055.22,4022.87
TOSHIBA CANADA,2020-2021,675.87,638.45
TOYOTA,2018-2019,1331944.57,1351726.40
TOYOTA,2019-2020,414940.96,407366.68
TOYOTA,2020-2021,200658.62,190822.82
TOYOTA,2021-2022,575537.26,530414.71
TOYOTA,2022-2023,1612859.05,1438677.46
TPG TECHNOLOGY CONSULTANTS,2017-2018,4245031.46,4375971.52
TPG TECHNOLOGY CONSULTANTS,2018-2019,6531500.45,6656339.39
TPG TECHNOLOGY CONSULTANTS,2019-2020,7959874.05,7891511.12
TPG TECHNOLOGY CONSULTANTS,2020-2021,9733690.88,9274360.16
TPG TECHNOLOGY CONSULTANTS,2021-2022,9774118.97,9083709.94
TPG TECHNOLOGY CONSULTANTS,2022-2023,8762925.73,7843010.08
TRM TECHNOLOGIES,2017-2018,475772.52,490639.39
TRM TECHNOLOGIES,2018-2019,361800.76,368734.00
TRM TECHNOLOGIES,2019-2020,362791.99,359898.01
TRM TECHNOLOGIES,2020-2021,361800.76,344550.35
TRM TECHNOLOGIES,2021-2022,3028574.86,2800084.26
TRM TECHNOLOGIES,2022-2023,1229453.65,1107460.75
TUNDRA TECHNICAL SOLUTIONS,2020-2021,98146.13,93603.30
TUNDRA TECHNICAL SOLUTIONS,2021-2022,203628.05,187920.93
TUNDRA TECHNICAL SOLUTIONS,2022-2023,207183.59,186409.39
TURTLE ISLAND STAFFING,2021-2022,36606.42,33519.03
TURTLE ISLAND STAFFING,2022-2023,77453.54,69305.76
TYCO INTEGRATED FIRE SECURITY,2017-2018,262844.12,270943.23
TYCO INTEGRATED FIRE SECURITY,2018-2019,205856.68,209646.76
TYCO INTEGRATED FIRE SECURITY,2019-2020,243348.83,241087.97
TYCO INTEGRATED FIRE SECURITY,2020-2021,294446.79,279377.11
TYCO INTEGRATED FIRE SECURITY,2021-2022,155825.69,145170.28
TYCO INTEGRATED FIRE SECURITY,2022-2023,139683.66,125048.12
UNCHARTED SOFTWARE,2018-2019,23938.96,24273.06
UNIFORM WORKS,2020-2021,43275.61,41182.52
UNIFORM WORKS,2021-2022,50803.24,47375.01
UNIFORM WORKS,2022-2023,42584.02,38104.36
UNISOURCE,2019-2020,64263.10,63490.62
UNISYNC GROUP,2018-2019,21860.08,22064.29
UNISYS CANADA,2018-2019,5357.00,5407.04
UNISYS CANADA,2019-2020,648196.93,643105.82
UNIVERSAL PROTECTION SERVICE,2021-2022,5049602.96,4596342.42
UNIVERSAL PROTECTION SERVICE,2022-2023,3797635.29,3430268.50
UNIVERSITE SAINTE ANNE,2017-2018,31740.00,32766.05
UNIVERSITE SAINTE ANNE,2018-2019,79967.38,81099.85
UNIVERSITE SAINTE ANNE,2019-2020,41644.57,41310.20
UNIVERSITE SAINTE ANNE,2020-2021,31267.34,29759.99
UNIVERSITE SAINTE ANNE,2021-2022,153446.53,140708.96
UNIVERSITE SAINTE ANNE,2022-2023,222392.00,199690.73
UNIVERSITY OF OTTAWA,2017-2018,152550.00,157187.81
UNIVERSITY OF OTTAWA,2019-2020,32544.00,31996.32
VERITAAQ TECHNOLOGY HOUSE,2017-2018,7680277.30,7916997.21
VERITAAQ TECHNOLOGY HOUSE,2018-2019,9145496.25,9317924.68
VERITAAQ TECHNOLOGY HOUSE,2019-2020,10925915.09,10842183.63
VERITAAQ TECHNOLOGY HOUSE,2020-2021,7399165.29,7052223.63
VERITAAQ TECHNOLOGY HOUSE,2021-2022,5809477.44,5391147.39
VERITAAQ TECHNOLOGY HOUSE,2022-2023,3004857.99,2699698.06
VMWARE,2018-2019,22100.00,22306.45
VMWARE,2019-2020,1808666.78,1778335.73
VMWARE,2020-2021,83086.78,78652.71
VMWARE,2021-2022,159955.90,150127.67
VMWARE,2022-2023,484421.15,430892.48
VWR INTERNATIONAL,2020-2021,18399.10,17652.85
WATERSHED INFORMATION TECHNOLOGY,2017-2018,601122.76,619704.11
WATERSHED INFORMATION TECHNOLOGY,2018-2019,601122.76,612642.16
WATERSHED INFORMATION TECHNOLOGY,2019-2020,602769.67,597961.39
WATERSHED INFORMATION TECHNOLOGY,2020-2021,392830.06,374143.37
WATERSHED INFORMATION TECHNOLOGY,2021-2022,188380.78,175142.44
WILEY SUBSCRIPTION SERVICES,2022-2023,13890.40,12337.93
WILLS TRANSFER,2017-2018,8329.58,8584.21
WILLS TRANSFER,2018-2019,34709.91,35375.06
WILLS TRANSFER,2019-2020,34805.01,34527.37
WILLS TRANSFER,2020-2021,36698.13,34964.72
WILLS TRANSFER,2021-2022,38821.37,36093.22
WINNIPEG AIRPORT AUTHORITY,2021-2022,9652.73,8725.92
WINNIPEG AIRPORT AUTHORITY,2022-2023,122924.11,109993.01
WOLTERS KLUWER,2017-2018,17432.43,17971.29
WOLTERS KLUWER,2018-2019,17432.43,17766.50
WOLTERS KLUWER,2019-2020,17480.20,17340.76
WOLTERS KLUWER,2020-2021,17432.43,16601.27
WOLTERS KLUWER,2021-2022,7526.46,6997.54
WOLTERS KLUWER,2022-2023,24476.46,21901.64
WORKDYNAMICS TECHNOLOGIES,2017-2018,9175.80,9452.89
WORKDYNAMICS TECHNOLOGIES,2018-2019,149103.36,151382.45
WORKDYNAMICS TECHNOLOGIES,2019-2020,20790.41,20661.32
WORKDYNAMICS TECHNOLOGIES,2020-2021,25716.87,24490.70
WORKDYNAMICS TECHNOLOGIES,2021-2022,42789.99,40031.69
WORLDREACH SOFTWARE,2018-2019,141642.49,142965.67
WORLDREACH SOFTWARE,2019-2020,710152.77,704487.90
WORLDREACH SOFTWARE,2020-2021,1197675.32,1141397.68
WORLDREACH SOFTWARE,2021-2022,1311281.54,1219132.10
WORLDREACH SOFTWARE,2022-2023,1101165.80,987399.26
XEROX,2017-2018,95888.97,98831.52
XEROX,2018-2019,119811.17,122130.43
XEROX,2019-2020,113167.46,112326.61
XEROX,2020-2021,133845.71,127527.29
XEROX,2021-2022,161920.15,150331.53
XEROX,2022-2023,184083.26,164789.45
YAMAHA MOTORS CANADA,2017-2018,11690.84,12051.81
YAMAHA MOTORS CANADA,2021-2022,67648.66,62738.05
ZERNAM ENTERPRISE,2017-2018,62370.94,64219.03
ZERNAM ENTERPRISE,2018-2019,18469.06,18962.13
ZERNAM ENTERPRISE,2020-2021,77546.25,73789.43
