d_vendor_name,overall_total
GENERAL DYNAMICS,3408962567.98
IRVING SHIPBUILDING,3389861865.98
VANCOUVER SHIPYARDS,1536864350.24
L3HARRIS,1423689398.40
AIRBUS,1225034696.89
CALIAN,817388432.31
LOCKHEED MARTIN,777034724.95
THE BOEING COMPANY,668108525.62
THALES,664235771.63
MACK TRUCKS,618055360.70
SEASPAN VICTORIA SHIPYARDS,606285330.61
I M P GROUP,600830161.51
CAE,549536816.11
SIKORSKY AIRCRAFT,548453957.59
FEDERAL FLEET SERVICES,507566049.21
CHANTIER DAVIE CANADA,467862955.11
SNC LAVALIN,460159942.68
CASCADE AEROSPACE,442528943.48
TOP ACES,416924273.01
POMERLEAU,410750583.72
KF AEROSPACE,405353193.52
BABCOCK INTERNATIONAL GROUP,372619542.81
RAYTHEON,355235229.76
SERCO,326641450.25
WEIR CANADA,254124815.25
RHEINMETALL,248974009.97
IBM CANADA,217860933.17
MACDONALD DETTWILER AND ASSOCIATES,211425310.16
WEATHERHAVEN CANADA,209298093.84
BELL TEXTRON,208724397.40
ADGA GROUP,203784483.16
UNITED STATES DEPARTMENT OF THE NAVY,192376469.05
L3 MAS,187170547.50
IRVING OIL,161891127.72
CUBIC DEFENSE APPLICATIONS,158839173.43
SAAB,152076978.00
CORPORATION DU FORT ST JEAN,152063196.35
FLEETWAY,149516663.82
WORLD FUEL SERVICES,148275833.20
SHELL CANADA PRODUCTS,148204166.04
CANADIAN CORPS OF COMMISSIONAIRES,144377585.27
IMPERIAL OIL,142657714.50
COLT CANADA,137604448.10
MODIS CANADA,133946184.89
NORTHERN MICRO,130119077.08
CANADIAN BASE OPERATORS,109470987.75
ATLANTIC TOWING,109394127.31
SCA SHIPPING CONSULTANTS ASSOCIATED,100943683.37
NISHA TECHONOLOGIES,90257626.97
UNITED STATES DEPARTMENT OF THE AIR FORCE,86351655.13
SIMEX DEFENCE,84589223.38
FFG,83520721.65
M SULLIVAN SON,83103552.53
AEG FUELS,81587965.61
IBISKA TELECOM,81051140.44
GENERAL ELECTRIC CANADA,80256064.23
SI SYSTEMS,77831503.01
QINETIQ,77597931.83
BROOKFIELD ASSET MANAGEMENT,76510008.67
PURELOGIC,75958778.10
VALCOM CONSULTING,75591974.76
ATCO,73718733.35
LEONARDO,72876353.18
DADS,67693513.72
EBC,67342512.61
PROMAXIS,65768851.81
SANTE MONTFORT,63360021.44
DECISIVE GROUP,63305357.73
FORD MOTOR COMPANY,63173945.81
PARKLAND REFINING,60967696.70
DEW ENGINEERING,59903414.78
BMT FLEET TECHNOLOGY,59768803.59
WARTSILA,58164792.08
TOROMONT,57391587.22
STONEWORKS TECHNOLOGIES,55883646.33
MLS OVERSEAS,54297871.80
DEXTERRA,52918304.23
NASITTUQ,52867314.36
CORADIX TECHNOLOGY CONSULTING,52557689.89
VMWARE,52292312.38
NAV CANADA,51833697.34
NORTHROP GRUMMAN,50740444.93
NATO SEASPARROW SURFACE MISSILE SYSTEM PROJECT,50663262.89
UNITED STATES DEPARTMENT OF THE ARMY,49334035.80
BLACK MCDONALD,48687253.18
ENMAX,47623537.42
MOTOROLA SOLUTIONS CANADA,46964312.72
INDUSTRIES OCEAN,46908462.64
MAGELLAN AEROSPACE,46605646.48
MOMENTUM SOLUTIONS,46584891.24
LOGISTIK UNICORP,45487605.52
ELBIT SYSTEMS,45081702.89
ALTIS HUMAN RESOURCES,44457133.48
CEGERCO,42619443.61
GROUPE GEYSER,42059721.71
SOUTHWEST RESEARCH INSTITUTE,41640266.21
DECAREL,41113410.00
UTILITIES KINGSTON,41024287.09
KNAPPETT INDUSTRIES,40837860.04
ITEX,40244292.24
PRICEWATERHOUSE COOPERS,40149641.72
PARKLAND,39421899.20
IPSS,36967789.78
DEXTER CONSTRUCTION,36846177.16
DIRECT ENERGY BUSINESS,36837945.02
SOUCY INTERNATIONAL,35997444.39
IMPERIAL CLEANERS,35670112.76
EXCEL HUMAN RESOURCES,35550233.36
ORACLE CANADA,35394984.27
BRONSWERK MARINE,34343014.42
BOMBARDIER,33685367.45
MICROSOFT CANADA,33605584.33
EXXONMOBIL,32746676.81
EMMONS MITCHELL CONSTRUCTION,32608965.29
ULTRA ELECTRONICS,32534990.07
BELL CANADA,31981731.30
TITAN AEX,31867796.63
MICHAEL WAGER CONSULTING,31426552.32
PENNANT CANADA,31042476.49
SANEXEN SERVICES ENVIRONMENTAUX,30605251.73
AEREX AVIONICS,30028868.42
GDI SERVICES,28847490.46
CDW CANADA,28718151.17
GENERAL MOTORS,28716255.49
ELLISDON,28650070.45
WAJAX,28640954.10
HYPERTEC,28543759.94
AMAN BUILDERS,28279274.17
STERLING FUELS,27827142.81
BLUMETRIC ENVIRONMENTAL,27740619.28
MACKINNON AND OLDING,27391063.13
LLOYD S REGISTER CANADA,27024113.69
SAP,26797664.45
DEFENCE CONSTRUCTION CANADA,26691448.82
UNISOURCE,26637840.92
BARGREEN ELLINGSON,26509670.19
COREBUILD CONSTRUCTION,26457050.83
SIERRA SYSTEMS GROUP,26151107.47
PEERLESS GARMENTS,25840928.84
STANTEC,25464487.45
GARTNER,25282948.46
HFI PYROTECHNICS,25214958.51
GUNTER LANGKOPF MASCHINENBAU,24979873.82
HARNOIS ENERGIES,24661974.74
KINETIC CONSTRUCTION,24302858.28
PYLON ELECTRONICS,24294328.21
SITE ENERGY SERVICES,23904367.18
RGT CLOUTHIER,23801340.02
ZODIAC HURRICANE TECHNOLOGIES,23689461.10
BIRD CONSTRUCTION COMPANY,23548606.10
KRAUSS MAFFEI WEGMANN,22743819.51
APRON FUEL SERVICES,22189803.53
BONDFIELD CONSTRUCTION COMPANY,22143129.00
COMPUCOM CANADA,21993220.26
TELECOM COMPUTER SERVICES,21947629.91
PURESPIRIT SOLUTIONS,21450014.16
HARRIS TRANSPORT,21100301.19
JOWA FAHRZEUGTEILE VERTRIEBS,20983778.38
ESRI,20703492.35
PATLON AIRCRAFT INDUSTRIES,20604605.63
UNIVERSITY OF TORONTO,20458290.69
INTER OUTAOUAIS,20379787.79
UNITED STATES DEPARTMENT OF DEFENCE,20198276.51
ENVIROSAFE JANITORIAL,20009402.46
ALLIANT TECHSYSTEMS OPERATIONS,19894019.07
MCKINSEY AND COMPANY,19835088.03
QUAD PRO CONSTRUCTION,19826461.49
MILLER PAVING,19805059.44
ERNST YOUNG,19719685.47
ALMIQ CONTRACTING,19646749.68
MARINE RECYCLING,19314894.00
KONGSBERG,19244364.49
CADEX,19209013.62
PRIMEX PROJECT MANAGEMENT,19168262.48
AECOM,18949701.53
AERO FEU,18925008.04
KPMG,18649624.20
LAURENTIAN TECHNOLOGIES,18578900.84
MID VALLEY CONSTRUCTION,18562516.58
DELOITTE,18517074.05
EMERGENT BIOSOLUTIONS,18364333.60
VAN KAPPEL INTERNATIONAL,18217326.12
ROSCOE CONSTRUCTION,17682769.94
QUEEN S UNIVERSITY,17649701.88
NOVA SCOTIA POWER,17461026.22
BAE SYSTEMS,17422007.46
STRONG BROS GENERAL CONTRACTING,17370706.70
MAN ENERGY SOLUTIONS CANADA,17134515.50
CANADIAN BORDER OPERATIONS,17075152.76
WAHL CONSTRUCTION,17047482.96
MAXIM 2000,17018378.93
IT NET CONSULTANTS,16799627.20
NOTRA,16553087.89
NATIONAL TEST PILOT SCHOOL,15862705.93
INTERNATIONAL SAFETY RESEARCH,15752098.95
MERCEDES BENZ CANADA,15699779.47
PCL CONSTRUCTORS,15543562.93
DYNABOOK CANADA,15512687.37
AIRBORNE SYSTEMS,15414086.57
MOBILE VALVE,15026760.33
TPG TECHNOLOGY CONSULTANTS,14975359.24
SYSCO,14920665.30
EMCON SERVICES,14916944.33
BLUE WATER SYSTEM,14876382.00
OPSIS,14842810.01
MINDWIRE SYSTEMS,14738882.79
LEVITT SAFETY,14728309.60
FCA CANADA,14684838.30
FELIX TECHNOLOGY,14547629.19
CO VEN,14443095.00
INDUSTRA CONSTRUCTION,14406678.49
JHT DEFENSE,14033656.09
LYNLEY CONTRACTING SERVICES,13921249.75
QM ENVIRONMENTAL,13907456.75
AQUA LUNG CANADA,13873020.12
APPAREL TRIMMINGS,13713453.82
MED ENG HOLDINGS,13698296.45
OPTIMUM SOLUTIONS,13599867.74
SUN LIFE ASSURANCE COMPANY,13542423.42
EASTPOINT ENGINEERING,13492038.84
ENTREPRISE DE CONSTRUCTION T E Q,13417218.06
GEOSPECTRUM TECHNOLOGIES,13374968.09
TELESAT,13317730.38
BEST SERVICE PROS,13275925.62
C CORE,12749438.05
MACEWEN PETROLEUM,12605237.02
THE HALIFAX COMPUTER CONSULTING GROUP,12470403.74
MARTEC,12461907.37
STANLEY CONSTRUCTION,12149457.42
MARKLAND PAVING,12118389.00
ARTEX SPORTSWEAR,12099619.82
ABS AMERICAS,12065508.72
FN HERSTAL,12047466.24
PACIFIC SAFETY PRODUCTS,12017738.46
PETRO AIR SERVICES,12010412.77
ECLIPSYS SOLUTIONS,11906155.53
PROCOM CONSULTANTS,11886514.47
CONSTRUCTION COTE FILS,11885872.00
INVERIS TRAINING SOLUTIONS,11883014.05
SYSTEMATIX SOLUTIONS,11818829.30
TACS,11801440.48
HAWBOLDT INDUSTRIES,11800443.44
MEDAVIE,11737093.41
VAN HORNE CONSTRUCTION,11537056.40
H H CONSTRUCTION,11396002.24
SAFFCO,11368943.90
TORONTO INDUSTRIES,11368805.96
AVJET HOLDING,11256117.85
PERSISTENT SYSTEMS,11208819.66
LES HUILES DESROCHES,11206035.75
EBSCO CANADA,11187196.64
UVAIR,11167885.78
RENK,11068094.28
AMERESCO CANADA,10928107.03
EXCEL 7,10875655.25
A J HANNA CONSTRUCTION,10855703.57
RACEROCKS 3D,10781756.75
HONEYWELL,10740117.02
INTEGRATED DISTRIBUTION SYSTEMS,10606921.93
TEAM CERTAS,10589617.10
GORDON FOOD SERVICE,10567985.07
UNITED RENTALS,10517508.82
DAIMLER,10376375.01
HIKE METAL PRODUCTS,10191610.68
INDAL TECHNOLOGIES,10141814.38
PETROVALUE PRODUCTS,10136263.88
CARLETON UNIVERSITY,10128679.32
SUNCOR ENERGY,10055015.02
TRM TECHNOLOGIES,10049337.26
ABCO MAINTENANCE SYSTEMS,9961727.97
TULMAR SAFETY SYSTEMS,9952523.55
14343878 ONTARIO,9915385.33
ARCHITECTURE 49,9858078.60
UQSUQ,9856699.36
MOTOR COACH INDUSTRIES,9851247.08
REPUBLIC ARCHITECTURE,9823005.84
GORDON BARR,9641502.81
ENGLOBE,9591407.15
DELL COMPUTER,9570840.81
TESTFORCE SYSTEMS,9432932.69
FORT GARRY FIRE TRUCK,9358685.46
CASP AEROSPACE,9325907.16
CAN AM PLATFORMS CONSTRUCTION,9305894.70
MEAL KIT SUPPLY CANADA,9279419.16
EVOLVECOMP CONSTRUCTION,9217675.96
GOLDER ASSOCIATES,9217557.30
RAMPART INTERNATIONAL,9138741.18
CUMMINS CANADA,9060463.77
ADVANCED CHIPPEWA TECHNOLOGIES,8999231.07
METALCRAFT MARINE,8937376.34
WADE GENERAL CONTRACTING,8911985.51
XTECH EXPLOSIVE DECONTAMINATION,8822182.85
GEN MEC ACL,8803620.00
NORTH BAY HYDRO,8696727.03
CANADIAN NUCLEAR LABORATORIES,8603414.04
REVISION MILITARY,8538799.38
TOURE CLEANING SERVICES,8515128.17
TOYOTA,8508725.88
LAZY H TRAIL COMPANY,8395304.75
MWCO,8394239.77
AMRON CONSTRUCTION,8363653.35
HUMANSYSTEMS,8355127.46
PROQUEST,8307740.78
CHANNEL MANAGEMENT INTERNATIONAL,8277919.94
COCO PAVING,8223516.43
TOSHIBA CANADA,8213566.88
HENSOLTD SENSORS,8159745.40
TECHNO FEU,8145490.60
SIMO MANAGEMENT,8143137.76
TROY LIFE FIRE SAFETY,8116305.99
NEXTER SYSTEMS,8115958.22
UNIVERSITY OF OTTAWA,8107062.38
MOBILITY LAB,8087999.23
AMER SPORTS CANADA,8071131.18
NORTRAX CANADA,8046282.64
RIGHTWAY SANITATION SERVICES,8029554.20
NOKIA CANADA,8012709.80
GOVERNMENT OF SASKATCHEWAN,7992870.87
2KEYS,7982832.60
EASTWAY CONTRACTING,7919561.96
RANDSTAD,7879923.35
UNIVERSITY OF WATERLOO,7842887.09
R J MACISAAC CONSTRUCTION,7698564.45
EMERGENCY MEDICAL TECHNOLOGY,7589889.43
UNIVERSAL WEATHER AND AVIATION,7564358.74
TYR TACTICAL,7529658.33
F M INSTALLATIONS,7523255.15
BLUEWAVE ENERGY,7498325.22
CONTRACT COMMUNITY,7448647.61
STOPS TACTICAL TRAINING,7434915.78
JP2G CONSULTANTS,7397540.05
CANTEC SYSTEMS,7392817.56
ROCKWELL COLLINS CANADA,7314943.92
SETANTA CONTRACTING,7243519.27
MERIDIAN MEDICAL TECHNOLOGIES,7236822.07
CLERMARK,7214958.95
TERAMACH TECHNOLOGIES,7207568.60
DYNAMIC FACILITY SERVICES,7164420.53
ACKLANDS GRAINGER,7163377.37
COMMERCIAL BUILDING CLEANING,7148805.52
LOCATION DE MOTONEIGES HAUTE MATAWINIE,7095723.09
MCW CUSTOM ENERGY SOLUTIONS,7091465.02
ZYCOM,6970550.90
MILTEX SOLUTIONS CANADA,6930868.44
CARLETON LIFE SUPPORT SYSTEMS,6924542.83
ZENITH PAVING,6922625.80
NATCO PHARMA CANADA,6905157.05
DON SAYWELL DEVELOPMENTS,6858879.34
BLUEDROP TRAINING SIMULATION,6845391.24
WASTE CONNECTIONS OF CANADA,6788916.23
VALUE MASTER BUILDERS,6776972.68
DAVTAIR INDUSTRIES,6761796.00
FASTENAL,6721880.85
CLARIANT CANADA,6690846.06
TENAQUIP,6669012.77
NORDLYS ENVIRONMENTAL PARTNERSHIP,6601984.59
MARITIME FUELS,6590222.04
CANADIAN HELICOPTERS,6571106.96
CHEF BRANDZ,6551927.76
JSK NAVAL SUPPORT,6548696.18
LIFTKING MANUFACTURING,6547552.01
AVONDALE CONSTRUCTION,6541841.18
PARKER JOHNSTON INDUSTRIES,6534277.71
A SANTIN MASON CONTRACTOR,6521635.65
TELECOMMUNICATION SUPPORT SERVICES,6495957.70
MULTINATIONAL LOGISTIC SERVICES,6451805.82
APEX STEEL GAS,6428195.04
NAVAMAR,6418496.51
VERITAAQ TECHNOLOGY HOUSE,6401632.48
DWP SOLUTIONS,6350023.84
BARRON S REFRIGERATION HEATING,6345102.43
AMTEK ENGINEERING,6190198.37
RIKJAK CONSTRUCTION,6183711.00
COFELY SERVICES,6143798.46
TAI,6141678.80
ANIXTER,6132960.33
XEROX,6070021.17
APPLIED SYSTEMS ENGINEERING,6044170.82
YAMNUSKA,6035558.95
DEFENSE INFORMATION SYSTEMS AGENCY,5970979.44
TAG HR,5928930.95
LIEBHERR CANADA,5926189.44
A TECH ROOFING,5894242.17
COFOMO,5881806.92
ROOF TILE MANAGEMENT,5846945.25
TYCO INTEGRATED FIRE SECURITY,5838766.02
DALHOUSIE UNIVERSITY,5828347.88
SONOBUOY TECH SYSTEMS,5768953.74
IMP GROUP,5761541.16
INTERNATIONAL CUSTOM PRODUCTS ICP,5731360.00
FRANCIS CANADA TRUCK CENTRE,5728967.90
GAB INDUSPAC,5727249.44
FARMER CONSTRUCTION,5726776.63
ACT,5719936.54
LES ENTREPRISES FERVEL,5697915.24
MANITEX LIFTKING,5655539.69
ALGONQUIN COLLEGE,5627902.93
ISLAND CATERING,5573213.60
HITRAC,5561262.06
MANITOBA HYDRO,5558607.15
MAXSYS STAFFING AND CONSULTING,5534207.71
TRANSWEST AIR,5525822.59
GENTEX INTERNATIONAL,5525224.48
BEST FACILITIES SERVICES,5478913.71
QMR,5447414.52
AFW CONSTRUCTION,5411778.50
VALARD CONSTRUCTION,5402479.25
COMMERCIAL BUILDING CLEANERS,5371660.76
NU VIEW HOMES,5355613.35
HUBSPOKE,5348495.07
AIR TINDI,5321869.59
SELECT GLOBAL INTERNATIONAL,5300218.66
BEE CLEAN BUILDING MAINTENANCE,5297817.87
FLYNN CANADA,5278724.28
SAPPER LABS CYBER SOLUTIONS,5267024.69
PEPCO,5265707.11
NEVADA AUTOMOTIVE TEST CENTER,5252173.91
SNAP ON TOOLS,5205462.85
ATLANTIC ROOFERS,5203563.11
MICHELIN,5202482.79
TELEPHONICS,5197962.34
THE RIGHT DOOR CONSULTING,5172413.45
OMNITECH ELECTRONICS,5159343.97
IVAN S CAMERA,5154800.20
AMTECH AERONAUTICAL,5131525.04
BELAND LAPOINTE,5105620.24
APPLIED ELECTONICS,5088305.00
AIRBOSS DEFENSE,5084540.19
UNIVERSITY OF NEW BRUNSWICK,5078682.48
ROHDE SCHWARZ CANADA,5061684.67
CRESTLINE COACH,5040484.95
NEPTUNE SECURITY SERVICES,5012711.98
ROLLING TIDES CONSTRUCTION,5006893.65
HEPBURN ENGINEERING,4997760.64
P C MCNEILL CONTRACTING,4983120.83
CRYPTOMILL TECHNOLOGIES,4968237.10
JULIAN SIMON GROUP,4942620.00
AIWORX,4921757.01
DILLON CONSULTING,4915376.43
AVI SPL,4912988.17
ZOLL MEDICAL CANADA,4910353.18
GOVERNMENT OF ALBERTA,4906608.16
MUSTANG SURVIVAL,4876407.81
JWT JUNGENTHAL WEHRTECHNIK,4864569.08
WOODWARD S OIL,4857046.00
GFL ENVIRONMENTAL,4848098.82
EMS TECHNOLOGIES,4840981.55
BARTA MACHINE,4827107.34
GLOBAL UPHOLSTERY,4798841.23
INSTITUT NATIONAL D OPTIQUE,4795326.40
SERVICE STAR BUILDING CLEANING,4772320.88
MIL AERO ELECTRONICS ATLANTIC,4766129.66
CITY OF MOOSE JAW,4724678.05
SPRINGCREST,4714721.46
THE VCAN GROUP,4710656.34
5029406 MANITOBA,4686858.40
XTRACT TECHNOLOGIES,4684104.83
COSSETTE COMMUNICATIONS,4671093.21
M D CHARLTON,4662051.54
MGIS,4645747.49
HEXAGON,4635156.07
EMCEE CONSTRUCTION AND MANAGEMENT,4611407.49
GAP WIRELESS,4601696.09
OSI,4593185.46
NUR CONSTRUCTION,4585132.18
HEWLETT PACKARD,4563497.18
AGC AND ASSOCIATES,4557731.35
HYPERION CONSULTING,4557460.31
PROTAK CONSULTING GROUP,4548935.83
THERMO FISHER SCIENTIFIC,4542100.21
RENOKREW,4512483.75
CHEVRON,4491563.91
PARLEVIEW,4490792.57
PACIFIC INDUSTRIAL MARINE,4480933.57
FRECON CONSTRUCTION,4480067.23
SOMOS,4454047.42
T J NOLAN CONSTRUCTION,4442062.20
LIMEN GROUP CONST,4437807.78
HUMAN LOGISTICS,4434573.56
CARMICHAEL ENGINEERING,4429991.92
DO ALL CONSTRUCTION,4398258.77
H E ARMSTRONG MECHANICAL,4383035.97
FLIGHTSAFETY CANADA,4382638.94
MULDER MEATS,4370293.90
CANADIAN MARITIME ENGINEERING,4326537.21
LEIGHTON CONTRACTING,4316547.11
GARY PARKER EXCAVATING,4315286.45
HIGHLANDS FUEL DELIVERY,4309555.19
VALLEY REFRIGERATION,4255411.24
CAS ELL STRUCTURES,4247014.04
MCCOLMAN SONS DEMOLITION,4233363.65
MILLBROOK TACTICAL,4225239.68
CLOSEREACH,4206197.26
THE AIM GROUP,4193744.45
BRANDT TRACTOR,4184333.07
UNIVERSITY OF CALGARY,4175018.48
ULTIMATE CONSTRUCTION,4159752.05
GENESIS INTEGRATION,4151776.43
IRVCON,4138452.48
CONSTRUCTION COUTURE TANGUAY,4135757.23
828778852PG0001 4527984CANADA,4132996.97
RUSH TRUCK CENTRES OF CANADA,4131894.55
BEN WIEBE CONSTRUCTION,4114971.95
CRYE PRECISION,4110790.55
HOULE ELECTRIC,4097473.85
AIR CHARTER SERVICE,4055381.49
VENASSE BUILDING GROUP,4051567.16
MILLER WASTE SYSTEMS,4038647.87
INTEGRA NETWORKS,4029397.68
EVRIPOS JANITORIAL SERVICES,4016222.97
GDI,4001743.82
NEW TECHNOLOGIES,3948517.53
MISHKUMI TECHNOLOGIES,3942552.35
SOFTSIM TECHNOLOGIES,3940024.41
MONTREAL BRONZE,3933695.68
IDP GROUP,3910229.87
LANSDOWNE TECHNOLOGIES,3896709.45
EXCALIBUR ENVIRONMENTAL SERVICES,3883234.81
KUBOTA CANADA,3879209.34
MEAD AUTOMATION SOLUTIONS,3857468.43
DYNAMIC PERSONNEL CONSULTANTS,3852922.95
NORDLYS ENVIRONMENTAL,3794480.62
ONX ENTERPRISE SOLUTIONS,3788045.22
RMS SOFTWARE,3786158.46
CONCEPT CONTROLS,3784279.80
NORTH COUNTRY LOGISTICS,3777900.00
MARSHALL AEROSPACE,3761835.14
JASTRAM ENGINEERING,3761753.33
TELUS CANADA,3759709.57
THE MATHWORKS,3756566.66
HOME COMPLETIONS,3747610.00
FIDELITY ENGINEERING CONSTRUCTION,3732997.52
COPCAN CIVIL,3718686.32
KINGSVIEW CONSTRUCTION,3701280.64
KNIGHT AEROSPACE MEDICAL SYSTEMS,3696520.42
VCI CONTROLS,3684108.88
CONSTRUCTION ROCK DUFOUR,3658343.75
MKDS TRAINING,3651440.94
BLUNDEN CONSTRUCTION 1995,3638009.30
IDS SYSTEMS CONSULTANTS,3635843.95
WSP,3633170.25
ACRES ENTERPRISES,3629404.35
ALLIED CONTAINER SYSTEMS,3628253.83
RAINHOUSE MANUFACTURING CANADA,3620837.43
ASC GERMANY,3620552.76
GRAND TOY,3615568.47
ROLLS ROYCE CANADA,3597205.77
BIOKINETICS AND ASSOCIATES,3593296.73
CANADIAN AIRMOTIVE,3592198.98
LARRY PENNER ENTERPRISES,3589647.45
FDF GROUP,3562117.76
TURTLE ISLAND STAFFING,3551608.13
WESTBURY NATIONAL SHOW SYSTEMS,3549112.80
ELLICE RECYCLE,3548729.07
ESSEX INDUSTRIES,3544046.11
VAISALA CANADA,3518030.29
MUNICIPALITY OF THE COUNTY OF KINGS,3486748.34
TES CONTRACT SERVICES,3479903.25
AIR NORTH,3427450.00
URLACHER CONSTRUCTION,3427114.51
2553164 ONTARIO,3390000.00
DBC MARINE SAFETY SYSTEMS,3387915.06
DONNA CONA,3381905.79
RICOH,3377062.64
SKOR CULINARY CONCEPTS,3372953.16
SOLOTECH,3351007.91
SOFTCHOICE,3341141.01
W8482 217946 001 DMARP4,3333739.82
SIGNAL ELECTRIC,3317986.46
COMMUNITECH,3315830.44
SSCL,3278441.54
GLOBAL KNOWLEDGE,3277949.96
JCB,3274084.64
TESTVONICS,3261571.80
INTERFAX SYSTEMS,3257292.27
VERSATERM,3255645.76
LES ALIMENTS GUY CHICOINE,3244514.40
MAVERIN BUSINESS SERVICES,3240531.72
ABB,3232407.02
CARRIERE QUEBEC,3212064.17
DYMECH ENGINEERING,3210537.89
BARDON SUPPLIES,3200421.58
DUFFERIN CONSTRUCTION COMPANY,3155868.00
WASTE PROCESSING TECHNOLOGIES,3132173.47
CIVIL UNDERGROUND EXCAVATION,3110025.89
WOODWARD AVIATION,3105946.46
FMC PROFESSIONALS,3091677.96
RADIATION SOLUTIONS,3082131.00
SIMPSON BUILDING CONTRACTORS,3079000.00
TREMCAR INDUSTRIES,3050446.96
NORTHSIDE DEVELOPMENT,3047485.42
HARLED,3042050.42
KONICA MINOLTA BUSINESS SOLUTIONS,3037986.35
AMEC CONSTRUCTION,3034766.16
THE DELTIC GROUP,3028202.95
VISIONTEC,3014875.78
WASTE MANAGEMENT OF CANADA,3007766.48
LUXTON CONSTRUCTION PLAINS,3006249.93
GRAPHIC OFFICE INTERIOR,2999138.88
KEYSIGHT TECHNOLOGIES CANADA,2994886.12
MEGA POWER INSTALLATIONS,2976869.32
AVALERION,2949300.00
CITY WYEED ELECTRIC,2942725.60
MAPLE LEAF ROPES,2928274.72
NIKON CANADA,2927732.60
NAMMO PERRY,2913120.00
UNIVERSITY OF BRITISH COLUMBIA,2910305.52
QUINAN CONSTRUCTION,2886412.43
J J TRAILERS MANUFACTURERS AND SALES,2885884.84
GEMTEC,2882229.68
CONSTRUCTION JESSIKO,2878060.47
PIVOTAL POWER,2875664.99
AA STURGEON CONSTRUCTION,2861014.06
ARRM ELECTRIC,2859338.41
ECOLE DE LANGUES LA CITE,2842611.38
MCGILL UNIVERSITY,2840532.67
LUXTON CONSTRUCTION,2824088.45
DALCON CONSTRUCTORS,2817284.20
SABA SOFTWARE,2811355.41
RAFA LABORATORIES,2803848.51
SMITHS DETECTION,2791589.17
CANSEL SURVEY EQUIPMENT,2779089.73
MAPLE RIDGE MECHANICAL CONTRACTING,2769434.20
DATIFEX,2745700.68
CON PRO INDUSTRIES CANADA,2734232.66
KINGS ENTERPRISES,2727555.21
L P ROYER,2718696.85
RUSSEL METALS,2666979.21
INNOCAR,2623061.44
PAD CAR MECHANICAL,2618938.27
COLLIERS PROJECT LEADERS,2613573.43
ST OPS TACTICAL TRAINING CANADA,2606679.11
BUREAU VERITAS,2603400.61
GC STRATEGIES,2599990.36
GLAMOX CANADA,2599413.34
KLEYSEN GROUP,2591951.65
TEKNION,2579664.93
GREYTOP COMMERCIAL CONSTRUCTION,2578431.84
ISLAND TEMPERATURE CONTROLS,2551529.70
PALADIN GROUP,2547480.49
GROUPE ENERGIE BDL,2542400.12
CONOSCENTI TECHNOLOGIES,2537968.68
AKM GROUP,2530207.57
DETON CHO LOGISTICS,2512000.79
GUILLEVIN INTERNATIONAL,2501439.54
WESCO DISTRIBUTION CANADA,2488642.93
PENNECON,2484445.54
DALIAN ENTERPRISES,2474681.90
LIFEPORT,2472198.12
THE CANNINGTON ABORIGINAL VENTURE,2467028.37
3388646 CANADA COMMERCIAL BUILDING CLEANERS,2455585.35
OSHKOSH,2453197.05
JOHNSON CONTROLS CANADA,2438145.26
SEAFIRST CONSTRUCTION,2432981.67
INLAND AUDIO VISUAL,2430082.63
GAMBLE TECHNOLOGIES,2419570.42
NP AEROSPACE CANADA,2418827.24
JWK CONTRACTING,2413778.10
MCKESSON CANADA,2411346.23
DASCO STORAGE SOLUTIONS,2401054.04
MODERN NIAGARA ALBERTA,2400022.92
POLARIS INDUSTRIES,2392308.11
HASTINGS PAINTING,2389273.56
1376387 FLEETWAY,2368905.24
CANADA,2348075.41
CANON,2331519.00
PRINTERS PLUS,2310110.72
PODOLINSKY EQUIPMENT,2300516.38
WINMAR,2296419.29
MINE EODCLR,2293514.08
CBCI TELECOM,2293235.50
MORPHO CANADA,2281000.00
TRAINOR MECHANICAL CONTRACTORS,2268972.12
HFI PYRO,2266681.12
COBHAM MISSION SYSTEMS DAVENPORT,2265462.23
WESTERN MATERIALS HANDLING EQUIPMENT,2255381.01
REVOLUTION EVENTS,2242660.72
MAPLESOFT CONSULTING,2231974.24
STS MAINTENANCE 4527984 CANADA,2206031.70
INTERACTIVE AUDIO VISUAL,2197750.45
SIMO,2176098.95
CORCAN,2159784.40
MERCURY MARINE,2157793.50
KIA CANADA,2150177.34
THOMAS SCHMIDT,2123421.37
MULTISHRED,2121924.53
6771581 CANADA,2109616.31
OPENFRAME TECHNOLOGIES,2108265.34
HIGHER STANDARD SALES HSS,2101957.30
CBCL,2093948.52
ACCENTURE,2089032.47
SENSORS UNLIMITED,2087250.00
ALS CANADA,2082887.61
73719 NEWFOUNDLAND LABRADOR,2072290.12
DST CONSULTING ENGINEERS,2070897.98
FLIGHT FUELS,2070475.74
ATLANTICA MECHANICAL CONTRACTORS,2065712.82
WORKDYNAMICS TECHNOLOGIES,2033156.54
WEBSTER ELECTRIC,2028316.40
NORTH ATLANTIC PETROLEUM,2018752.62
EXIT CERTIFIED,2010147.30
MITSUBISHI MOTOR SALES,1999748.88
BIGHORN CONSTRUCTION,1998462.79
GRAYBAR CANADA,1991885.42
THINKPOINT,1970582.65
FREQUENTIS CANADA,1953188.38
COMPUGEN,1948654.82
NOVA NETWORKS,1946896.42
CACHE COMPUTER CONSULTING,1942881.75
TLD CANADA,1917801.77
SUTHERLAND EXCAVATING,1909700.05
URTHECAST,1862157.39
UNIVERSITY OF WESTERN ONTARIO,1859083.70
ZERNAM ENTERPRISE,1823006.73
STEDFAST,1813524.04
ECOPIA TECH,1805899.48
ARCADIS CANADA,1805731.61
HOSKIN SCIENTIFIC,1802793.64
ELSEVIER,1773423.82
JAVELIN TECHNOLOGIES,1766367.41
LES ENTREPRISES ROBERT SANFACON,1766009.30
COMBAT NETWORKS,1752745.91
COASTAL RESTORATION MASONRY,1741107.68
4 OFFICE AUTOMATION,1711946.80
DRAEGER,1705638.01
THYSSENKRUPP ELEVATOR,1698328.03
OXFORD UNIVERSITY PRESS,1682672.14
ANSYS CANADA,1666073.95
WATERWORKS CONSTRUCTION,1663370.03
ANALYTICAL GRAPHICS,1646036.06
MDOS CONSULTING,1643993.84
CONTROLS EQUIPMENT,1633325.92
TERRA SENSE ANALYTICS,1628356.95
NEWFOUND RECRUITING,1624008.04
KODIAK GROUP HOLDINGS,1590987.38
MARITIME FENCE,1584936.33
SOLANA NETWORKS,1579860.49
AMAZON,1563492.34
CANADIAN BANK NOTE COMPANY,1550443.79
ENERGERE CONSULTANTS,1512982.60
SALISH SEA INDUSTRIAL SERVICES,1512452.42
BRIQUETAL,1512305.05
PAL AEROSPACE,1507303.42
CGI,1497822.44
ACME FUTURE SECURITY CONTROLS,1492777.52
SEGUIN MORRIS,1470237.88
MCMASTER UNIVERSITY,1467224.39
TRI WAVE CONSTRUCTION,1463739.67
UNCHARTED SOFTWARE,1454747.48
BOUTHILLETTE PARIZEAU,1447217.09
ORANGUTECH,1419823.31
PRECISIONIT,1416840.84
CANADENSYS AEROSPACE,1376621.05
CLICK NETWORKS,1355485.20
OPENTEXT,1343302.51
AG CREATIONS,1342619.16
NISSAN CANADA,1337124.47
LIFE TECHNOLOGIES,1336820.73
IDN CANADA,1335496.32
TAURUS CONTRACTORS,1329502.16
LEO PISCES SERVICES GROUP,1321434.89
MOBILE RESOURCE GROUP,1314395.83
GRAYBRIDGE INTERNATIONAL CONSULTING,1303814.66
BRUKER,1303016.04
TUNDRA TECHNICAL SOLUTIONS,1301266.60
LEEWAY YACHTS,1288438.55
TORONTO METROPOLITAN UNIVERSITY,1283132.60
SYNERSOLUTIONS TECHNOLOGIES,1282313.68
WATERSHED INFORMATION TECHNOLOGY,1277323.23
SAMSON ASSOCIES,1270963.24
WILCO CONTRACTORS SOUTHWEST,1268555.67
HERITAGE RESTORATION,1264738.37
UNIVERSITE DE SHERBROOKE,1257851.08
UNIVERSITY OF MANITOBA,1246189.65
LUMINA IT,1245029.10
AGILENT,1231325.51
RHEA,1224545.42
INTER MEDICO,1210644.83
CUBE CONSTRUCTION,1207088.37
SLR CONSULTING CANADA,1197895.03
TRI STAR INDUSTRIES,1191558.36
ARTEMP PERSONNEL SERVICES,1184941.35
UNIVERSITE LAVAL,1182255.03
NUMBER TEN ARCHITECTURAL GROUP,1170338.77
E CONSTRUCTION,1149844.02
SIEMENS,1143669.35
RAYMOND CHABOT GRANT THORNTON,1125859.84
GREENDALE RESOURCES,1121440.00
THE UNIVERSITY OF WESTERN ONTARIO,1116579.23
INSA,1104244.06
PACIFIC GEOMATICS,1097130.48
PFIZER CANADA,1095213.13
SUBARU CANADA,1080865.02
ROSBOROUGH BOATS,1059411.31
DNR CONSULTING GROUP,1057132.46
R D CONSTRUCTION,1032000.00
HDP GROUP,1027396.91
G A L POWER SYSTEMS OTTAWA,1026687.41
ARI FINANCIAL SERVICES,1023316.16
GRANT CUSTOM,1011760.83
WOOD ENVIRONMENT INFRASTRUCTURE,988655.43
MNP,980949.10
VFA CANADA,976382.48
UNISYS CANADA,967600.59
KUDLIK CONSTRUCTION,961455.40
K RITE CONSTRUCTION,959496.06
ONIX NETWORKING CANADA,951689.99
ST JOHN AMBULANCE,949159.21
SUPER CHANNEL INTERNATIONAL,940764.43
CANADIAN DEVELOPMENT CONSULTANTS,933052.32
IHS GLOBAL,928275.92
MERCER CANADA,923775.00
THE IT BROKER,920551.78
CANADYNE TECHNOLOGIES,911608.14
EMPOWERED NETWORKS,907774.14
WOOD,896967.29
CONVERGINT TECHNOLOGIES,873576.62
TEEL TECHNOLOGIES CANADA,864266.96
TAYLOR FRANCIS,853625.42
GRIFFIN ENGINEERED SYSTEMS,851467.00
W S MORGAN CONSTRUCTION,849034.30
QUANTUM MANAGEMENT SERVICES,843398.16
DYNACARE,830707.58
MCW CONSULTANTS,826642.56
AINSWORTH,823292.51
UNIVERSITY OF SASKATCHEWAN,810161.68
WESTERN MECHANICAL ELECTRICAL,803456.72
BDO CANADA,790058.71
IRONCLAD EARTHWORKS,779990.31
CANADIAN NORTH,754950.12
PLEIAD CANADA,754782.67
WATERS,752495.63
PROLOGIC SYSTEMS,750256.50
MEDI SELECT,743878.73
EVOLUTION ROOFING,725402.75
WESTJET,725380.58
OPEN STORAGE SOLUTIONS,723094.79
EXP SERVICES,717563.22
ASBEX,705535.46
DELTA PHOTONICS,701827.38
THE STEVENS COMPANY,699262.67
TRANE CANADA,693603.26
ROGERS,659708.58
FIRSTCHOICE GROUP CANADA,650711.05
MAKWA RESOURCING,647074.85
KMS INDUSTRIES,640040.11
EMMANUEL CONSTRUCTION SERVICES,632244.00
CENTURY GROUP,631234.06
AV TECH,627830.63
JANKEL TACTICAL SYSTEMS,627202.33
ROBERTSON MARTIN ARCHITECTS,620540.77
BRS INNOVATIONS,609107.09
PHASELOCK SYSTEMS INTERNATIONAL,605360.07
GOOGLE CANADA,585352.43
QUINTET CONSULTING,583101.28
AIR LIQUIDE CANADA,582892.34
ENTRUST,582541.70
BLACKBERRY,576360.45
DARE HUMAN RESOURCES,572352.38
LRO STAFFING,567925.51
KRAKEN ROBOTIC SYSTEMS,565000.00
JASCO APPLIED SCIENCES CANADA,561978.81
INSIGHT SOFTWARE CANADA,559814.95
THOMSON REUTERS,553372.19
UNIVERSITY OF ALBERTA,553358.07
ACCESS 2 NETWORKS,550196.09
WESTOWER COMMUNICATIONS,535338.68
J L RICHARDS ASSOCIATES,535157.16
SYSTEMSCOPE,533547.34
NATTIQ,532647.17
DLS TECHNOLOGY,532090.66
ALLEN HASTINGS,531373.06
ACOSYS CONSULTING SERVICES,514823.32
MAVERIN,508317.04
OPTIV CANADA FEDERAL,505902.52
TEKSYSTEMS CANADA,505287.97
SPEARHEAD MANAGEMENT CANADA,501891.80
BABEL STREET,499930.89
THORNHILL MEDICAL,499678.51
BLUEDOT,497200.00
CALYTERA SOFTWARE,495231.26
DSS MARINE,489652.03
SHI CANADA,463528.61
THE HALIFAX GROUP,461683.77
DASCO EQUIPMENT,460890.56
DELCO AUTOMATION,459396.10
B BRAUN OF CANADA,454535.53
FAST FORWARD FRENCH,451812.12
INTERNATIONAL REPORTING,447230.67
IRON MOUNTAIN,442826.38
KONE,442197.75
JOSEPH ELIE,441116.96
LEAN AGILITY,428778.43
FIELD AVIATION COMPANY,419792.90
FINNING INTERNATIONAL,416364.43
HEMMERA ENVIROCHEM,414875.23
DILIGENS,410908.53
TECHNOMICS,401178.36
ECOLE DE LANGUES EAGLE,396211.29
AIR INUIT,392117.98
JOHN WILEY SONS,388648.79
MESSA COMPUTING,383008.77
SYSTEMS FOR RESEARCH,377773.91
HEROLD ENGINEERING,374037.25
ELITE ENVIRONMENTAL GROUP,372378.85
CSI CONSULTING,368236.00
KILEY PAVING,366360.17
NOLINOR AVIATION,364595.71
VWR INTERNATIONAL,360123.07
ORBIS RISK CONSULTING,356852.00
HITACHI DATA SYSTEMS,354933.02
BUBBLE TECHNOLOGY INDUSTRIES,351528.61
EAGLE PROFESSIONAL RESOURCES,348949.65
CARAHSOFT TECHNOLOGY,345693.69
NAVPOINT CONSULTING GROUP,344491.80
BROOKFIELD GLOBAL INTEGRATED SOLUTIONS,343651.92
BAJA CONSTRUCTION CANADA,341030.80
CHARRON HUMAN RESOURCES,338243.75
HAWORTH,331713.46
FRESENIUS KABI CANADA,331694.51
PROSCI CANADA,330873.10
YAMAHA MOTORS CANADA,328028.78
S P GLOBAL MARKET INTELLIGENCE,325866.30
TSI,321368.41
I4C INFORMATION TECHNOLOGY,320921.13
GATEWAY MECHANICAL SERVICES,319842.22
3D DATACOMM,317492.68
HATCH,317353.97
ATLANTIC BUSINESS INTERIORS,312256.37
JUNO RISK SOLUTIONS,310329.12
COMMVAULT SYSTEMS,306878.03
UNIVERSAL HELICOPTERS,305537.55
TANKATEK,300312.96
PIONEER CONSTRUCTION,299700.00
UNIVERSITY OF GUELPH,297949.50
AON REED STENHOUSE,295098.28
TIREE,293932.00
WESTCO CONSTRUCTION,289800.00
LANGUAGE RESEARCH DEVELOPMENT GROUP,282910.09
YELLOWHEAD HELICOPTERS,281019.29
CARDINAL HEALTH CANADA,277652.58
COLUMBIA FUELS,276970.23
STIFF SENTENCES,273585.75
MANPOWER SERVICES CANADA,265779.64
CONFERENCE BOARD OF CANADA,263607.79
STERIS CANADA,262300.52
10647802 CANADA,258166.89
PLANET LABS,256288.64
R R INTERNATIONAL TRANSLATION,251524.40
HERCULES SLR,251298.63
OTIS ELEVATOR,251037.24
SUPREMEX,249707.30
CULLEN DIESEL POWER,249541.55
MIREMS,249458.62
CISTEL TECHNOLOGY,245986.88
ADVANCED BUSINESS INTERIORS,245145.72
FACTIVA,242525.47
UNIVERSITE DE MONTREAL,239566.65
SHARP ELECTRONICS,238216.83
EXCAVATION RENE ST PIERRE ENG,236791.55
DECONTIE MILESTONE,235000.00
LOWE MARTIN COMPANY,234944.59
MELTWATER,234255.23
UNIVERSITE SAINTE ANNE,225579.00
RISK SCIENCES INTERNATIONAL,225219.17
WORLDREACH SOFTWARE,224220.25
NEWFOUNDLAND HELICOPTERS,224218.02
GREAT SLAVE HELICOPTERS,219700.95
CANADA POST,217639.13
PANASONIC,215445.22
SUMMIT CANADA DISTRIBUTORS,215376.31
AMERICAN CHEMICAL SOCIETY,212698.82
CANADIAN RED CROSS,211648.55
GETINGE CANADA,204598.16
TURNER TOWNSEND,201966.31
NEPTEC DESIGN GROUP,198488.47
SHAW CABLE,197982.25
IIC TECHNOLOGIES,194150.20
ECOLE DE LANGUES ABCE,194038.76
ENVIRONICS RESEARCH GROUP,192260.89
KENN BOREK AIR,192017.20
GLOBAL TOTAL OFFICE,185197.22
TOTEM OFFISOURCE,179661.81
SGS AXYS ANALYTICAL SERVICES,179291.90
ST JOSEPH PRINT GROUP,178472.16
TERVITA,177034.68
ILLUMINA CANADA,176710.76
BERLITZ CANADA,176018.88
PITNEY BOWES,175061.30
NELSON ENVIRONMENTAL REMEDIATION,170965.21
WESTERN PETROLEUM,170957.66
TRANSPOLAR TECHNOLOGY,167897.21
ALLSEATING,165249.97
NEW ENGLAND BIOLABS,163897.14
HUMANSCALE CANADA,161438.36
METOCEAN TELEMATICS,158976.00
JONELJIM CONCRETE CONSTRUCTION,158908.75
SAS INSTITUTE,158076.46
BMC SOFTWARE CANADA,157611.96
CONVERSART CONSULTING,155668.80
CAMPBELL SCIENTIFIC CANADA,149886.44
CHUBB EDWARDS,148945.38
ROCHE DIAGNOSTICS,147992.29
ADRM TECHNOLOGY CONSULTING,147901.29
WOLTERS KLUWER,147500.00
GOSS GILROY,146662.70
MEGA TECH,146230.44
FORRESTER RESEARCH,144663.70
NITAM SOLUTIONS,141839.19
CONEXSYS,140743.19
PATTISON SIGN GROUP,139602.35
KROMAR PRINTING,139362.79
DATA CENTRE INTELLIGENCE,136812.00
GEORGE COUREY,135861.49
NUA OFFICE,134830.97
PV SERVICES,132557.92
INSTITUTE ON GOVERNANCE,132500.00
NORR,130262.38
THOMPSON BOILER WORKS,129478.90
LEXISNEXIS CANADA,129361.38
EUROVIA QUEBEC CONSTRUCTION,126728.56
RONA,126652.19
N P A,125334.51
CISION CANADA,124764.52
TELEDYNE,124647.12
HALPENNY INSURANCE BROKERS,123640.13
CHRONO AVIATION,116730.27
VERSATIL BPI,115949.19
WILLS TRANSFER,114469.58
SOVO TECHNOLOGIES,114443.70
CUSTOM HELICOPTERS,112452.62
CORRECTIONAL SERVICES OF CANADA,111094.21
CITRIX,109168.11
CONNEX TELECOMMUNICATIONS,104350.82
MEDIA Q,101700.00
EFFIGIS GEO SOLUTIONS,101664.83
QIAGEN,101161.92
FAST TRACK STAFFING,98310.00
LANNICK CONTRACT SOLUTIONS,97629.63
CANADIAN STANDARDS ASSOCIATION,96756.21
NUNA EAST,96702.62
ACTION PERSONNEL OF OTTAWA HULL,93148.16
BUNZL CANADA,92564.95
BRECKENHILL,92020.86
GILMORE REPRODUCTIONS,91933.22
INFO TECH RESEARCH GROUP,89626.64
MTS ALLSTREAM,88424.21
TETRA TECH,85180.16
NORTHWEST FUELS,84825.05
SIMPLEX GRINNELL,82519.89
ABBOTT,81809.81
ASOKAN BUSINESS INTERIORS,79490.78
NOVIPRO,78804.61
OXFORD NANOPORE TECHNOLOGIES,75402.50
INSTRUX MEDIA,74999.99
NORTH CARIBOO AIR,74297.74
CTOMS,73923.09
KNOLL NORTH AMERICA,72738.71
MCDONALD BROS CONSTRUCTION,70657.31
SANDOZ CANADA,70000.00
COMNET NETWORKS AND SECURITY,69451.27
KEYSTONE SUPPLIES INTERNATIONAL,69233.51
ABCO INDUSTRIES,68635.76
SRA STAFFING SOLUTIONS,67197.14
VIDCRUITER,66726.79
STRYKER CANADA,66499.00
KINETIC MACHINE WORKS,66161.15
D DOYLE INSTALLATIONS,65302.41
LAVAL LAB,64840.73
UNIFORM WORKS,64493.10
IFATHOM,62301.42
OPROMA,60378.80
DRAPEAUX ET BANNIERES L ETENDARD,59910.74
HORIZANT,58697.85
BECKMAN COULTER CANADA,57350.13
BOMIMED,57298.73
SED SYSTEMS,56170.60
CARO ANALYTICAL SERVICES,55824.78
COUVERTURE MONTREAL NORD,55427.00
OTTAWA BUSINESS INTERIORS,54159.21
GHD,53484.11
LAVAL FORTIN,51051.88
MCELHANNEY ASSOCIATES,51004.21
AXYS TECHNOLOGIES,49783.07
SANI SPORT,49622.50
ZAYO CANADA,48296.13
SDL INTERNATIONAL CANADA,47432.88
MICRONOSTYX,46986.00
MALATEST,44082.46
QUADBRIDGE,43442.32
PRA,42205.50
HOLLAND COLLEGE,40563.45
KNOWLEDGE CIRCLE,38284.39
PARSONS CANADA,38279.85
INTERCONTINENTAL TRUCK BODY,38121.30
DATA COMMUNICATIONS MANAGEMENT,36612.74
PALFINGER MARINE,36214.50
PUROLATOR,33109.18
KURT J LESKER CANADA,33010.52
EMTEC,32600.00
CSDC SYSTEMS,32155.40
WORLEY PARSONS,31500.00
FSC,31490.46
LES ENQUETES HENRI,30404.27
OGILVY MONTREAL,29662.50
BIO RAD LABORATORIES CANADA,29369.24
INTERCON MARINE,29031.83
NANOMETRICS,28738.50
ENVIROSERVICES,28058.50
ADOBE,25080.90
CIMA,24993.00
EVALUATION PERSONNEL SELECTION,24860.00
3M CANADA COMPANY,24636.16
CARON PROFESSIONAL LINGUISTIC,24361.53
ICEBERG NETWORKS,23956.00
OCLC CANADA,23440.92
CRANDALL ENGINEERING,23428.81
TRUMPF,23000.00
BGLA,19996.45
TECSIS,19904.80
GILMORE PRINTING SERVICES,19166.09
NKE INSTRUMENTATION,19145.22
CH2M HILL CANADA,18900.00
ENVELOPPE CONCEPT,17889.77
APOTEX,17600.00
MAGNET FORENSICS,17264.07
9205187 CANADA,17260.75
CHEMICAL ABSTRACTS SERVICE,15590.74
MEGALEXIS COMMUNICATIONS,15242.55
ALPINE HELICOPTERS,15127.77
NATIONAL ARTS CENTRE,15000.00
SOUTHMEDIC,14650.20
MORRISON HERSHFIELD,14454.42
JIM PATTISON INDUSTRIES,14357.67
ASSOCIATED ENGINEERING,13596.95
AMERICAN BUREAU OF SHIPPING,13212.71
AMS IMAGING,13168.53
THE MASHA KRUPP TRANSLATION GROUP,12712.50
GREATER TORONTO AIRPORT AUTHORITY,10618.43
KORN FERRY CA,10452.50
IPSOS,6254.85
MORNEAU SHEPELL,5401.04
AQUATIC INFORMATICS,4919.56
BAVARIAN NORDIC,4133.59
ST GELAIS MONTMINY ASSOCIES,524.52
ALLIANCE ENERGY,420.78
